Workbook
Name RepsList: #REF!
Name Rest_SecondsList: #REF!
Name SetsList: #REF!

Sheet DATA
A1: Sets | B1: Reps | C1: Rest_Seconds | E1: Quadriceps | F1: Glutes_Hamstrings | G1: Calves | H1: Chest | I1: Back | J1: Shoulders | K1: Triceps | L1: Biceps | M1: Abs | N1: Other
A2: 1 | B2: 4 - 6 | C2: 30 | E2: Barbell Box Squat | F2: Barbell Deadlift | G2: Barbell Calf Raise | H2: Barbell Decline Bench Press | I2: Barbell Bent Over Row | J2: Barbell Front Raise | K2: Barbell Close-Grip Bench Press | L2: Barbell Close-Grip Biceps Curl | M2: Barbell Plate Ab Twist | N2: Barbell Wrist Curl
A3: 2 | B3: 6 - 8 | C3: 60 | E3: Barbell Bulgarian Split-Squat | F3: Barbell Deadlifts from Blocks | G3: Dumbbell Calf Raise | H3: Barbell Flat Bench Press | I3: Barbell Chest-Supported T-Bar Row | J3: Barbell One-Arm Linear Jammer | K3: Barbell Decline Bench Triceps Extension | L3: Barbell Concentration Biceps Curl | M3: Body Weight Ab Crunch | N3: Dumbbell Wrist Curl
A4: 3 | B4: 8 - 10 | C4: 90 | E4: Barbell Front Squat | F4: Barbell Deadlifts from Deficit | G4: Machine Calf Extension (Seated) | H4: Barbell Incline Bench Press | I4: Barbell Incline Bench Row | J4: Barbell Push Press | K4: Barbell Flat Bench Triceps Extension | L4: Barbell Preacher Biceps Curl | M4: Body Weight Hanging Leg Raise | N4: Neck Curl
A5: 4 | B5: 8 - 12 | C5: 120 | E5: Barbell Jump Squat | F5: Barbell Glute Bridge | G5: Machine Calf Raise | H5: Body Weight Decline Push-Up | I5: Barbell One-Arm Row | J5: Barbell Seated Shoulder Press | K5: Barbell Incline Bench Triceps Extension | L5: Barbell Regular-Grip Biceps Curl | M5: Body Weight Plank | N5: Neck Extension
A6: 5 | B6: 12 - 15 | C6: 150 | E6: Barbell Squat | F6: Barbell Hip Thrust | G6: Machine Leg Press Calf Extension (Seated/Laying) | H6: Body Weight Dip (Chest Variation) | I6: Barbell Pendlay Row | J6: Barbell Standing Shoulder Press | K6: Barbell Overhead Triceps Extension | L6: Barbell Reverse-Grip Biceps Curl | M6: Dumbbell Ab Twist | N6: ITB release via Foam roller
A7: 6 | B7: 15 - 20 | C7: 180 | E7: Barbell Standing Lunge | F7: Barbell Romanian Deadlift | G7: Single Leg Seated Calf Raise | H7: Body Weight Incline Push-Up | I7: Barbell Reverse Grip Bent Over | J7: Barbell Upright Row | K7: Body Weight Bench Dip | L7: Barbell Wide-Grip Biceps Curl | M7: Machine Ab Crunch | N7: TFL release via Trigger ball
A8: 7 | B8: 20 - 25 | C8: 240 | E8: Barbell Step Up | F8: Barbell Stiff-Legged Deadlift | H8: Body Weight Push-Up | I8: Barbell Shrug | J8: Body Weight Handstand Push-Up | K8: Body Weight Dips (Triceps Variation) | L8: Body Weight Chin-Up | M8: Weighted Hanging Leg Raise
A9: 8 | B9: 25 - 30 | C9: 300 | E9: Barbell Walking Lunge | F9: Barbell Sumo Deadlift | H9: Cable Chest Press (Seated) | I9: Barbell T-Bar Row | J9: Body Weight Pike Push-Up | K9: Cable Decline Bench Triceps Extension | L9: Cable Bar Biceps Curl | M9: Weighted Plank
E10: Body Weight Bulgarian Split-Squat | F10: Body Weight Glute-Ham Raise | H10: Cable Chest Press (Standing) | I10: Body Weight Back Extension | J10: Cable Face Pull | K10: Cable Flat Bench Triceps Extension | L10: Cable Incline Bench Biceps Curl
E11: Body Weight Pistol Squat | F11: Cable One-Legged Kickback | H11: Cable Crossover | I11: Body Weight Inverted Row | J11: Cable Front Raise | K11: Cable Incline Bench Triceps Extension | L11: Cable One-Arm Biceps Curl
E12: Body Weight Squat | F12: Cable Pull Through | H12: Cable Crossover (High Angle) | I12: Body Weight Pull-Up | J12: Cable Lateral Raise | K12: Cable One-Arm Overhead Triceps Extension | L12: Cable Overhead Curl
E13: Body Weight Standing Lunge | F13: Dumbbell Glute Bridge | H13: Cable Crossover (Low Angle) | I13: Cable Narrow-Grip Lat Pull-Down | J13: Cable Rear Delt Fly | K13: Cable Overhead Triceps Extension | L13: Cable Rope Biceps Curl
E14: Body Weight Step Up | F14: Dumbbell Hip Thrust | H14: Cable Flat Bench Fly | I14: Cable One-Arm Lat Pull-Down | J14: Cable Shoulder Press (Seated) | K14: Cable Reverse-Grip Triceps Push-Down | L14: Dumbbell Alternate Biceps Curl
E15: Body Weight Walking Lunge | F15: Dumbbell Romanian Deadlift | H15: Cable Incline Bench Fly | I15: Cable One-Arm Row (Seated) | J15: Cable Standing Shoulder Press (Standing) | K15: Cable Rope Triceps Push-Down | L15: Dumbbell Concentration Biceps Curl
E16: Dumbbell Body Weight Squat | F16: Dumbbell Stiff-Legged Deadlift | H16: Cable Incline Bench Press | I16: Cable Reverse-Grip Lat Pull-Down | J16: Cable Upright Row | K16: Cable Straight-Bar Triceps Push-Down | L16: Dumbbell Hammer Biceps Curl
E17: Dumbbell Bulgarian Split-Squat | F17: Machine Glute-Ham Raise | H17: Dumbbell Decline Bench Fly | I17: Cable Row (Seated) | J17: Dumbbell Arnold Press | K17: Cable Triceps Kickback | L17: Dumbbell Incline Bench Biceps Curl
E18: Dumbbell Goblet Squat | F18: Machine Laying Leg Curl | H18: Dumbbell Decline Bench Press | I18: Cable Straight-Arm Pull-Down | J18: Dumbbell Front Raise | K18: Cable V-Bar Triceps Push-Down | L18: Dumbbell One-Arm Biceps Curl
E19: Dumbbell Standing Lunge | F19: Machine Reverse Hyperextension | H19: Dumbbell Flat Bench Fly | I19: Cable V-Bar Lat Pull-Down | J19: Dumbbell One-Arm Lateral Raise | K19: Dumbbell Bent Over Triceps Extension | L19: Dumbbell Preacher Biceps Curl
E20: Dumbbell Step Up | F20: Machine Seated Leg Curl | H20: Dumbbell Flat Bench Press | I20: Cable Wide-Grip Lat Pull-Down | J20: Dumbbell Rear Delt Raise | K20: Dumbbell Close-Grip Bench Press | L20: Dumbbell Reverse-Grip Biceps Curl
E21: Dumbbell Walking Lunge | F21: Glute Bridge | H21: Dumbbell Incline Bench Fly | I21: Dumbbell Bent Over Row | J21: Dumbbell Reverse Fly | K21: Dumbbell Decline Bench Triceps Extension | L21: Dumbbell Reverse-Grip Biceps Curl
... E24: Machine Leg Press | F24: Double Leg Hamstring Bridge | H24: Machine Butterfly | I24: Dumbbell Reverse Grip Bent Over | J24: Dumbbell Standing One-Arm Press | K24: Dumbbell One-Arm Overhead Triceps Extension | L24: Machine Preacher Biceps Curl
E25: Machine Seated Leg Press | H25: Machine Chest Press | I25: Dumbbell Shrug | J25: Dumbbell Standing Shoulder Press | K25: Dumbbell Overhead Triceps Extension | L25: Weighted Chin-Up
E26: Machine Single-Leg Press | H26: Machine Decline Chest Press | I26: Machine Assisted Pull-Up | J26: Dumbbell Upright Row | K26: Dumbbell Triceps Kickback
E27: Hip Ab/Adduction (Pulse) | H27: Machine Incline Chest Press | I27: Machine Back Extension | J27: Machine Lateral Raise | K27: Machine Assisted Dips (Triceps Variation)
H28: Smith Machine Bench Press | I28: Machine Chest Supported Row | J28: Machine Reverse Fly | K28: Machine Triceps Extension
H29: Smith Machine Decline Chest Press | I29: Machine Iso Row | J29: Machine Shoulder Press | K29: Smith Machine Close-Grip Bench Press
H30: Smith Machine Incline Bench Press | I30: Machine Shrug | J30: Machine Upright Row | K30: Weighted Bench Dip
H31: Weighted Decline Push-Up | I31: Smith Machine Bent Over Row | J31: Smith Machine Shoulder Press | K31: Weighted Dips (Triceps Variation)
H32: Weighted Dip (Chest Variation) | I32: Weighted Pull-Up
H33: Weighted Incline Push-Up
H34: Weighted Push-Up

Sheet Performance Tracker
C1: Volume Tracker | P1: Strength Tracker
C2: Week 1 | D2: Week 2 | E2: Week 3 | F2: Week 4 | G2: Week 5 | H2: Week 6 | I2: Week 7 | J2: Week 8 | K2: Week 9 | L2: Week 10 | M2: Week 11 | N2: Week 12 | P2: Week 1 | Q2: Week 2 | R2: Week 3 | S2: Week 4 | T2: Week 5 | U2: Week 6 | V2: Week 7 | W2: Week 8 | X2: Week 9 | Y2: Week 10 | Z2: Week 11 | AA2: Week 12
A3: Day 1 | B3: =IF('Workout Setup'!C2=0,"",'Workout Setup'!C2) -> Barbell Glute Bridge | C3: ='Week 1'!I2 | D3: ='Week 2'!I2 | E3: ='Week 3'!I2 | F3: ='Week 4'!I2 | G3: ='Week 5'!I2 | H3: ='Week 6'!I2 | I3: ='Week 7'!I2 | J3: ='Week 8'!I2 | K3: ='Week 9'!I2 | L3: ='Week 10'!I2 | M3: ='Week 11'!I2 | N3: ='Week 12'!I2 | P3: ='Week 1'!G2 -> 0 | Q3: ='Week 2'!G2 -> 0 | R3: ='Week 3'!G2 -> 0 | S3: ='Week 4'!G2 -> 0 | T3: ='Week 5'!G2 -> 0 | U3: ='Week 6'!G2 -> 0 | V3: ='Week 7'!G2 -> 0 | W3: ='Week 8'!G2 -> 0 | X3: ='Week 9'!G2 -> 0 | Y3: ='Week 10'!G2 -> 0 | Z3: ='Week 11'!G2 -> 0 | AA3: ='Week 12'!G2 -> 0
C4: - | D4: =IFERROR((D3-C3)/C3,"-") -> - | E4: =IFERROR((E3-D3)/D3,"-") -> - | F4: =IFERROR((F3-E3)/E3,"-") -> - | G4: =IFERROR((G3-F3)/F3,"-") -> - | H4: =IFERROR((H3-G3)/G3,"-") -> - | I4: =IFERROR((I3-H3)/H3,"-") -> - | J4: =IFERROR((J3-I3)/I3,"-") -> - | K4: =IFERROR((K3-J3)/J3,"-") -> - | ... N4: =IFERROR((N3-M3)/M3,"-") -> - | P4: - | Q4: =IFERROR((Q3-P3)/P3,"-") -> - | R4: =IFERROR((R3-Q3)/Q3,"-") -> - | S4: =IFERROR((S3-R3)/R3,"-") -> - | T4: =IFERROR((T3-S3)/S3,"-") -> - | U4: =IFERROR((U3-T3)/T3,"-") -> - | V4: =IFERROR((V3-U3)/U3,"-") -> - | W4: =IFERROR((W3-V3)/V3,"-") -> - | X4: =IFERROR((X3-W3)/W3,"-") -> - | ... AA4: =IFERROR((AA3-Z3)/Z3,"-") -> -
B5: =IF('Workout Setup'!C3=0,"",'Workout Setup'!C3) -> Barbell Hip Thrust | C5: ='Week 1'!I3 | D5: ='Week 2'!I3 | E5: ='Week 3'!I3 | F5: ='Week 4'!I3 | G5: ='Week 5'!I3 | H5: ='Week 6'!I3 | I5: ='Week 7'!I3 | J5: ='Week 8'!I3 | K5: ='Week 9'!I3 | L5: ='Week 10'!I3 | M5: ='Week 11'!I3 | N5: ='Week 12'!I3 | P5: ='Week 1'!G3 -> 0 | Q5: ='Week 2'!G3 -> 0 | R5: ='Week 3'!G3 -> 0 | S5: ='Week 4'!G3 -> 0 | T5: ='Week 5'!G3 -> 0 | U5: ='Week 6'!G3 -> 0 | V5: ='Week 7'!G3 -> 0 | W5: ='Week 8'!G3 -> 0 | X5: ='Week 9'!G3 -> 0 | Y5: ='Week 10'!G3 -> 0 | Z5: ='Week 11'!G3 -> 0 | AA5: ='Week 12'!G3 -> 0
C6: - | D6: =IFERROR((D5-C5)/C5,"-") -> - | E6: =IFERROR((E5-D5)/D5,"-") -> - | F6: =IFERROR((F5-E5)/E5,"-") -> - | G6: =IFERROR((G5-F5)/F5,"-") -> - | H6: =IFERROR((H5-G5)/G5,"-") -> - | I6: =IFERROR((I5-H5)/H5,"-") -> - | J6: =IFERROR((J5-I5)/I5,"-") -> - | K6: =IFERROR((K5-J5)/J5,"-") -> - | ... N6: =IFERROR((N5-M5)/M5,"-") -> - | P6: - | Q6: =IFERROR((Q5-P5)/P5,"-") -> - | R6: =IFERROR((R5-Q5)/Q5,"-") -> - | S6: =IFERROR((S5-R5)/R5,"-") -> - | T6: =IFERROR((T5-S5)/S5,"-") -> - | U6: =IFERROR((U5-T5)/T5,"-") -> - | V6: =IFERROR((V5-U5)/U5,"-") -> - | W6: =IFERROR((W5-V5)/V5,"-") -> - | X6: =IFERROR((X5-W5)/W5,"-") -> - | ... AA6: =IFERROR((AA5-Z5)/Z5,"-") -> -
B7: =IF('Workout Setup'!C4=0,"",'Workout Setup'!C4) -> Cable One-Legged Kickback | C7: ='Week 1'!I4 | D7: ='Week 2'!I4 | E7: ='Week 3'!I4 | F7: ='Week 4'!I4 | G7: ='Week 5'!I4 | H7: ='Week 6'!I4 | I7: ='Week 7'!I4 | J7: ='Week 8'!I4 | K7: ='Week 9'!I4 | L7: ='Week 10'!I4 | M7: ='Week 11'!I4 | N7: ='Week 12'!I4 | P7: ='Week 1'!G4 -> 0 | Q7: ='Week 2'!G4 -> 0 | R7: ='Week 3'!G4 -> 0 | S7: ='Week 4'!G4 -> 0 | T7: ='Week 5'!G4 -> 0 | U7: ='Week 6'!G4 -> 0 | V7: ='Week 7'!G4 -> 0 | W7: ='Week 8'!G4 -> 0 | X7: ='Week 9'!G4 -> 0 | Y7: ='Week 10'!G4 -> 0 | Z7: ='Week 11'!G4 -> 0 | AA7: ='Week 12'!G4 -> 0
C8: - | D8: =IFERROR((D7-C7)/C7,"-") -> - | E8: =IFERROR((E7-D7)/D7,"-") -> - | F8: =IFERROR((F7-E7)/E7,"-") -> - | G8: =IFERROR((G7-F7)/F7,"-") -> - | H8: =IFERROR((H7-G7)/G7,"-") -> - | I8: =IFERROR((I7-H7)/H7,"-") -> - | J8: =IFERROR((J7-I7)/I7,"-") -> - | K8: =IFERROR((K7-J7)/J7,"-") -> - | ... N8: =IFERROR((N7-M7)/M7,"-") -> - | P8: - | Q8: =IFERROR((Q7-P7)/P7,"-") -> - | R8: =IFERROR((R7-Q7)/Q7,"-") -> - | S8: =IFERROR((S7-R7)/R7,"-") -> - | T8: =IFERROR((T7-S7)/S7,"-") -> - | U8: =IFERROR((U7-T7)/T7,"-") -> - | V8: =IFERROR((V7-U7)/U7,"-") -> - | W8: =IFERROR((W7-V7)/V7,"-") -> - | X8: =IFERROR((X7-W7)/W7,"-") -> - | ... AA8: =IFERROR((AA7-Z7)/Z7,"-") -> -
B9: =IF('Workout Setup'!C5=0,"",'Workout Setup'!C5) -> Barbell Squat | C9: ='Week 1'!I5 | D9: ='Week 2'!I5 | E9: ='Week 3'!I5 | F9: ='Week 4'!I5 | G9: ='Week 5'!I5 | H9: ='Week 6'!I5 | I9: ='Week 7'!I5 | J9: ='Week 8'!I5 | K9: ='Week 9'!I5 | L9: ='Week 10'!I5 | M9: ='Week 11'!I5 | N9: ='Week 12'!I5 | P9: ='Week 1'!G5 -> 0 | Q9: ='Week 2'!G5 -> 0 | R9: ='Week 3'!G5 -> 0 | S9: ='Week 4'!G5 -> 0 | T9: ='Week 5'!G5 -> 0 | U9: ='Week 6'!G5 -> 0 | V9: ='Week 7'!G5 -> 0 | W9: ='Week 8'!G5 -> 0 | X9: ='Week 9'!G5 -> 0 | Y9: ='Week 10'!G5 -> 0 | Z9: ='Week 11'!G5 -> 0 | AA9: ='Week 12'!G5 -> 0
C10: - | D10: =IFERROR((D9-C9)/C9,"-") -> - | E10: =IFERROR((E9-D9)/D9,"-") -> - | F10: =IFERROR((F9-E9)/E9,"-") -> - | G10: =IFERROR((G9-F9)/F9,"-") -> - | H10: =IFERROR((H9-G9)/G9,"-") -> - | I10: =IFERROR((I9-H9)/H9,"-") -> - | J10: =IFERROR((J9-I9)/I9,"-") -> - | K10: =IFERROR((K9-J9)/J9,"-") -> - | ... N10: =IFERROR((N9-M9)/M9,"-") -> - | P10: - | Q10: =IFERROR((Q9-P9)/P9,"-") -> - | R10: =IFERROR((R9-Q9)/Q9,"-") -> - | S10: =IFERROR((S9-R9)/R9,"-") -> - | T10: =IFERROR((T9-S9)/S9,"-") -> - | U10: =IFERROR((U9-T9)/T9,"-") -> - | V10: =IFERROR((V9-U9)/U9,"-") -> - | W10: =IFERROR((W9-V9)/V9,"-") -> - | X10: =IFERROR((X9-W9)/W9,"-") -> - | ... AA10: =IFERROR((AA9-Z9)/Z9,"-") -> -
B11: =IF('Workout Setup'!C6=0,"",'Workout Setup'!C6) -> Machine Laying Leg Press | C11: ='Week 1'!I6 | D11: ='Week 2'!I6 | E11: ='Week 3'!I6 | F11: ='Week 4'!I6 | G11: ='Week 5'!I6 | H11: ='Week 6'!I6 | I11: ='Week 7'!I6 | J11: ='Week 8'!I6 | K11: ='Week 9'!I6 | L11: ='Week 10'!I6 | M11: ='Week 11'!I6 | N11: ='Week 12'!I6 | P11: ='Week 1'!G6 -> 0 | Q11: ='Week 2'!G6 -> 0 | R11: ='Week 3'!G6 -> 0 | S11: ='Week 4'!G6 -> 0 | T11: ='Week 5'!G6 -> 0 | U11: ='Week 6'!G6 -> 0 | V11: ='Week 7'!G6 -> 0 | W11: ='Week 8'!G6 -> 0 | X11: ='Week 9'!G6 -> 0 | Y11: ='Week 10'!G6 -> 0 | Z11: ='Week 11'!G6 -> 0 | AA11: ='Week 12'!G6 -> 0
C12: - | D12: =IFERROR((D11-C11)/C11,"-") -> - | E12: =IFERROR((E11-D11)/D11,"-") -> - | F12: =IFERROR((F11-E11)/E11,"-") -> - | G12: =IFERROR((G11-F11)/F11,"-") -> - | H12: =IFERROR((H11-G11)/G11,"-") -> - | I12: =IFERROR((I11-H11)/H11,"-") -> - | J12: =IFERROR((J11-I11)/I11,"-") -> - | K12: =IFERROR((K11-J11)/J11,"-") -> - | ... N12: =IFERROR((N11-M11)/M11,"-") -> - | P12: - | Q12: =IFERROR((Q11-P11)/P11,"-") -> - | R12: =IFERROR((R11-Q11)/Q11,"-") -> - | S12: =IFERROR((S11-R11)/R11,"-") -> - | T12: =IFERROR((T11-S11)/S11,"-") -> - | U12: =IFERROR((U11-T11)/T11,"-") -> - | V12: =IFERROR((V11-U11)/U11,"-") -> - | W12: =IFERROR((W11-V11)/V11,"-") -> - | X12: =IFERROR((X11-W11)/W11,"-") -> - | ... AA12: =IFERROR((AA11-Z11)/Z11,"-") -> -
B13: =IF('Workout Setup'!C7=0,"",'Workout Setup'!C7) -> Body Weight Bulgarian Split-Squat | C13: ='Week 1'!I7 | D13: ='Week 2'!I7 | E13: ='Week 3'!I7 | F13: ='Week 4'!I7 | G13: ='Week 5'!I7 | H13: ='Week 6'!I7 | I13: ='Week 7'!I7 | J13: ='Week 8'!I7 | K13: ='Week 9'!I7 | L13: ='Week 10'!I7 | M13: ='Week 11'!I7 | N13: ='Week 12'!I7 | P13: ='Week 1'!G7 -> 0 | Q13: ='Week 2'!G7 -> 0 | R13: ='Week 3'!G7 -> 0 | S13: ='Week 4'!G7 -> 0 | T13: ='Week 5'!G7 -> 0 | U13: ='Week 6'!G7 -> 0 | V13: ='Week 7'!G7 -> 0 | W13: ='Week 8'!G7 -> 0 | X13: ='Week 9'!G7 -> 0 | Y13: ='Week 10'!G7 -> 0 | Z13: ='Week 11'!G7 -> 0 | AA13: ='Week 12'!G7 -> 0
C14: - | D14: =IFERROR((D13-C13)/C13,"-") -> - | E14: =IFERROR((E13-D13)/D13,"-") -> - | F14: =IFERROR((F13-E13)/E13,"-") -> - | G14: =IFERROR((G13-F13)/F13,"-") -> - | H14: =IFERROR((H13-G13)/G13,"-") -> - | I14: =IFERROR((I13-H13)/H13,"-") -> - | J14: =IFERROR((J13-I13)/I13,"-") -> - | K14: =IFERROR((K13-J13)/J13,"-") -> - | ... N14: =IFERROR((N13-M13)/M13,"-") -> - | P14: - | Q14: =IFERROR((Q13-P13)/P13,"-") -> - | R14: =IFERROR((R13-Q13)/Q13,"-") -> - | S14: =IFERROR((S13-R13)/R13,"-") -> - | T14: =IFERROR((T13-S13)/S13,"-") -> - | U14: =IFERROR((U13-T13)/T13,"-") -> - | V14: =IFERROR((V13-U13)/U13,"-") -> - | W14: =IFERROR((W13-V13)/V13,"-") -> - | X14: =IFERROR((X13-W13)/W13,"-") -> - | ... AA14: =IFERROR((AA13-Z13)/Z13,"-") -> -
B15: =IF('Workout Setup'!C8=0,"",'Workout Setup'!C8) -> Dumbbell Calf Raise | C15: ='Week 1'!I8 | D15: ='Week 2'!I8 | E15: ='Week 3'!I8 | F15: ='Week 4'!I8 | G15: ='Week 5'!I8 | H15: ='Week 6'!I8 | I15: ='Week 7'!I8 | J15: ='Week 8'!I8 | K15: ='Week 9'!I8 | L15: ='Week 10'!I8 | M15: ='Week 11'!I8 | N15: ='Week 12'!I8 | P15: ='Week 1'!G8 -> 0 | Q15: ='Week 2'!G8 -> 0 | R15: ='Week 3'!G8 -> 0 | S15: ='Week 4'!G8 -> 0 | T15: ='Week 5'!G8 -> 0 | U15: ='Week 6'!G8 -> 0 | V15: ='Week 7'!G8 -> 0 | W15: ='Week 8'!G8 -> 0 | X15: ='Week 9'!G8 -> 0 | Y15: ='Week 10'!G8 -> 0 | Z15: ='Week 11'!G8 -> 0 | AA15: ='Week 12'!G8 -> 0
C16: - | D16: =IFERROR((D15-C15)/C15,"-") -> - | E16: =IFERROR((E15-D15)/D15,"-") -> - | F16: =IFERROR((F15-E15)/E15,"-") -> - | G16: =IFERROR((G15-F15)/F15,"-") -> - | H16: =IFERROR((H15-G15)/G15,"-") -> - | I16: =IFERROR((I15-H15)/H15,"-") -> - | J16: =IFERROR((J15-I15)/I15,"-") -> - | K16: =IFERROR((K15-J15)/J15,"-") -> - | ... N16: =IFERROR((N15-M15)/M15,"-") -> - | P16: - | Q16: =IFERROR((Q15-P15)/P15,"-") -> - | R16: =IFERROR((R15-Q15)/Q15,"-") -> - | S16: =IFERROR((S15-R15)/R15,"-") -> - | T16: =IFERROR((T15-S15)/S15,"-") -> - | U16: =IFERROR((U15-T15)/T15,"-") -> - | V16: =IFERROR((V15-U15)/U15,"-") -> - | W16: =IFERROR((W15-V15)/V15,"-") -> - | X16: =IFERROR((X15-W15)/W15,"-") -> - | ... AA16: =IFERROR((AA15-Z15)/Z15,"-") -> -
B17: =IF('Workout Setup'!C9=0,"",'Workout Setup'!C9) -> Machine Calf Raise | C17: ='Week 1'!I9 | D17: ='Week 2'!I9 | E17: ='Week 3'!I9 | F17: ='Week 4'!I9 | G17: ='Week 5'!I9 | H17: ='Week 6'!I9 | I17: ='Week 7'!I9 | J17: ='Week 8'!I9 | K17: ='Week 9'!I9 | L17: ='Week 10'!I9 | M17: ='Week 11'!I9 | N17: ='Week 12'!I9 | P17: ='Week 1'!G9 -> 0 | Q17: ='Week 2'!G9 -> 0 | R17: ='Week 3'!G9 -> 0 | S17: ='Week 4'!G9 -> 0 | T17: ='Week 5'!G9 -> 0 | U17: ='Week 6'!G9 -> 0 | V17: ='Week 7'!G9 -> 0 | W17: ='Week 8'!G9 -> 0 | X17: ='Week 9'!G9 -> 0 | Y17: ='Week 10'!G9 -> 0 | Z17: ='Week 11'!G9 -> 0 | AA17: ='Week 12'!G9 -> 0
C18: - | D18: =IFERROR((D17-C17)/C17,"-") -> - | E18: =IFERROR((E17-D17)/D17,"-") -> - | F18: =IFERROR((F17-E17)/E17,"-") -> - | G18: =IFERROR((G17-F17)/F17,"-") -> - | H18: =IFERROR((H17-G17)/G17,"-") -> - | I18: =IFERROR((I17-H17)/H17,"-") -> - | J18: =IFERROR((J17-I17)/I17,"-") -> - | K18: =IFERROR((K17-J17)/J17,"-") -> - | ... N18: =IFERROR((N17-M17)/M17,"-") -> - | P18: - | Q18: =IFERROR((Q17-P17)/P17,"-") -> - | R18: =IFERROR((R17-Q17)/Q17,"-") -> - | S18: =IFERROR((S17-R17)/R17,"-") -> - | T18: =IFERROR((T17-S17)/S17,"-") -> - | U18: =IFERROR((U17-T17)/T17,"-") -> - | V18: =IFERROR((V17-U17)/U17,"-") -> - | W18: =IFERROR((W17-V17)/V17,"-") -> - | X18: =IFERROR((X17-W17)/W17,"-") -> - | ... AA18: =IFERROR((AA17-Z17)/Z17,"-") -> -
A21: Day 2 | B21: =IF('Workout Setup'!C13=0,"",'Workout Setup'!C13) -> Cable Narrow-Grip Lat Pull-Down | C21: ='Week 1'!I13 | D21: ='Week 2'!I13 | E21: ='Week 3'!I13 | F21: ='Week 4'!I13 | G21: ='Week 5'!I13 | H21: ='Week 6'!I13 | I21: ='Week 7'!I13 | J21: ='Week 8'!I13 | K21: ='Week 9'!I13 | L21: ='Week 10'!I13 | M21: ='Week 11'!I13 | N21: ='Week 12'!I13 | P21: ='Week 1'!G13 -> 0 | Q21: ='Week 2'!G13 -> 0 | R21: ='Week 3'!G13 -> 0 | S21: ='Week 4'!G13 -> 0 | T21: ='Week 5'!G13 -> 0 | U21: ='Week 6'!G13 -> 0 | V21: ='Week 7'!G13 -> 0 | W21: ='Week 8'!G13 -> 0 | X21: ='Week 9'!G13 -> 0 | Y21: ='Week 10'!G13 -> 0 | Z21: ='Week 11'!G13 -> 0 | AA21: ='Week 12'!G13 -> 0
C22: - | D22: =IFERROR((D21-C21)/C21,"-") -> - | E22: =IFERROR((E21-D21)/D21,"-") -> - | F22: =IFERROR((F21-E21)/E21,"-") -> - | G22: =IFERROR((G21-F21)/F21,"-") -> - | H22: =IFERROR((H21-G21)/G21,"-") -> - | I22: =IFERROR((I21-H21)/H21,"-") -> - | J22: =IFERROR((J21-I21)/I21,"-") -> - | K22: =IFERROR((K21-J21)/J21,"-") -> - | ... N22: =IFERROR((N21-M21)/M21,"-") -> - | P22: - | Q22: =IFERROR((Q21-P21)/P21,"-") -> - | R22: =IFERROR((R21-Q21)/Q21,"-") -> - | S22: =IFERROR((S21-R21)/R21,"-") -> - | T22: =IFERROR((T21-S21)/S21,"-") -> - | U22: =IFERROR((U21-T21)/T21,"-") -> - | V22: =IFERROR((V21-U21)/U21,"-") -> - | W22: =IFERROR((W21-V21)/V21,"-") -> - | X22: =IFERROR((X21-W21)/W21,"-") -> - | ... AA22: =IFERROR((AA21-Z21)/Z21,"-") -> -
B23: =IF('Workout Setup'!C14=0,"",'Workout Setup'!C14) -> Cable Wide-Grip Lat Pull-Down | C23: ='Week 1'!I14 | D23: ='Week 2'!I14 | E23: ='Week 3'!I14 | F23: ='Week 4'!I14 | G23: ='Week 5'!I14 | H23: ='Week 6'!I14 | I23: ='Week 7'!I14 | J23: ='Week 8'!I14 | K23: ='Week 9'!I14 | L23: ='Week 10'!I14 | M23: ='Week 11'!I14 | N23: ='Week 12'!I14 | P23: ='Week 1'!G14 -> 0 | Q23: ='Week 2'!G14 -> 0 | R23: ='Week 3'!G14 -> 0 | S23: ='Week 4'!G14 -> 0 | T23: ='Week 5'!G14 -> 0 | U23: ='Week 6'!G14 -> 0 | V23: ='Week 7'!G14 -> 0 | W23: ='Week 8'!G14 -> 0 | X23: ='Week 9'!G14 -> 0 | Y23: ='Week 10'!G14 -> 0 | Z23: ='Week 11'!G14 -> 0 | AA23: ='Week 12'!G14 -> 0
C24: - | D24: =IFERROR((D23-C23)/C23,"-") -> - | E24: =IFERROR((E23-D23)/D23,"-") -> - | F24: =IFERROR((F23-E23)/E23,"-") -> - | G24: =IFERROR((G23-F23)/F23,"-") -> - | H24: =IFERROR((H23-G23)/G23,"-") -> - | I24: =IFERROR((I23-H23)/H23,"-") -> - | J24: =IFERROR((J23-I23)/I23,"-") -> - | K24: =IFERROR((K23-J23)/J23,"-") -> - | ... N24: =IFERROR((N23-M23)/M23,"-") -> - | P24: - | Q24: =IFERROR((Q23-P23)/P23,"-") -> - | R24: =IFERROR((R23-Q23)/Q23,"-") -> - | S24: =IFERROR((S23-R23)/R23,"-") -> - | T24: =IFERROR((T23-S23)/S23,"-") -> - | U24: =IFERROR((U23-T23)/T23,"-") -> - | V24: =IFERROR((V23-U23)/U23,"-") -> - | W24: =IFERROR((W23-V23)/V23,"-") -> - | X24: =IFERROR((X23-W23)/W23,"-") -> - | ... AA24: =IFERROR((AA23-Z23)/Z23,"-") -> -
B25: =IF('Workout Setup'!C15=0,"",'Workout Setup'!C15) -> Machine Back Extension | C25: ='Week 1'!I15 | D25: ='Week 2'!I15 | E25: ='Week 3'!I15 | F25: ='Week 4'!I15 | G25: ='Week 5'!I15 | H25: ='Week 6'!I15 | I25: ='Week 7'!I15 | J25: ='Week 8'!I15 | K25: ='Week 9'!I15 | L25: ='Week 10'!I15 | M25: ='Week 11'!I15 | N25: ='Week 12'!I15 | P25: ='Week 1'!G15 -> 0 | Q25: ='Week 2'!G15 -> 0 | R25: ='Week 3'!G15 -> 0 | S25: ='Week 4'!G15 -> 0 | T25: ='Week 5'!G15 -> 0 | U25: ='Week 6'!G15 -> 0 | V25: ='Week 7'!G15 -> 0 | W25: ='Week 8'!G15 -> 0 | X25: ='Week 9'!G15 -> 0 | Y25: ='Week 10'!G15 -> 0 | Z25: ='Week 11'!G15 -> 0 | AA25: ='Week 12'!G15 -> 0
C26: - | D26: =IFERROR((D25-C25)/C25,"-") -> - | E26: =IFERROR((E25-D25)/D25,"-") -> - | F26: =IFERROR((F25-E25)/E25,"-") -> - | G26: =IFERROR((G25-F25)/F25,"-") -> - | H26: =IFERROR((H25-G25)/G25,"-") -> - | I26: =IFERROR((I25-H25)/H25,"-") -> - | J26: =IFERROR((J25-I25)/I25,"-") -> - | K26: =IFERROR((K25-J25)/J25,"-") -> - | ... N26: =IFERROR((N25-M25)/M25,"-") -> - | P26: - | Q26: =IFERROR((Q25-P25)/P25,"-") -> - | R26: =IFERROR((R25-Q25)/Q25,"-") -> - | S26: =IFERROR((S25-R25)/R25,"-") -> - | T26: =IFERROR((T25-S25)/S25,"-") -> - | U26: =IFERROR((U25-T25)/T25,"-") -> - | V26: =IFERROR((V25-U25)/U25,"-") -> - | W26: =IFERROR((W25-V25)/V25,"-") -> - | X26: =IFERROR((X25-W25)/W25,"-") -> - | ... AA26: =IFERROR((AA25-Z25)/Z25,"-") -> -
B27: =IF('Workout Setup'!C16=0,"",'Workout Setup'!C16) -> Body Weight Bench Dip | C27: ='Week 1'!I16 | D27: ='Week 2'!I16 | E27: ='Week 3'!I16 | F27: ='Week 4'!I16 | G27: ='Week 5'!I16 | H27: ='Week 6'!I16 | I27: ='Week 7'!I16 | J27: ='Week 8'!I16 | K27: ='Week 9'!I16 | L27: ='Week 10'!I16 | M27: ='Week 11'!I16 | N27: ='Week 12'!I16 | P27: ='Week 1'!G16 -> 0 | Q27: ='Week 2'!G16 -> 0 | R27: ='Week 3'!G16 -> 0 | S27: ='Week 4'!G16 -> 0 | T27: ='Week 5'!G16 -> 0 | U27: ='Week 6'!G16 -> 0 | V27: ='Week 7'!G16 -> 0 | W27: ='Week 8'!G16 -> 0 | X27: ='Week 9'!G16 -> 0 | Y27: ='Week 10'!G16 -> 0 | Z27: ='Week 11'!G16 -> 0 | AA27: ='Week 12'!G16 -> 0
C28: - | D28: =IFERROR((D27-C27)/C27,"-") -> - | E28: =IFERROR((E27-D27)/D27,"-") -> - | F28: =IFERROR((F27-E27)/E27,"-") -> - | G28: =IFERROR((G27-F27)/F27,"-") -> - | H28: =IFERROR((H27-G27)/G27,"-") -> - | I28: =IFERROR((I27-H27)/H27,"-") -> - | J28: =IFERROR((J27-I27)/I27,"-") -> - | K28: =IFERROR((K27-J27)/J27,"-") -> - | ... N28: =IFERROR((N27-M27)/M27,"-") -> - | P28: - | Q28: =IFERROR((Q27-P27)/P27,"-") -> - | R28: =IFERROR((R27-Q27)/Q27,"-") -> - | S28: =IFERROR((S27-R27)/R27,"-") -> - | T28: =IFERROR((T27-S27)/S27,"-") -> - | U28: =IFERROR((U27-T27)/T27,"-") -> - | V28: =IFERROR((V27-U27)/U27,"-") -> - | W28: =IFERROR((W27-V27)/V27,"-") -> - | X28: =IFERROR((X27-W27)/W27,"-") -> - | ... AA28: =IFERROR((AA27-Z27)/Z27,"-") -> -
B29: =IF('Workout Setup'!C17=0,"",'Workout Setup'!C17) -> Cable Overhead Triceps Extension | C29: ='Week 1'!I17 | D29: ='Week 2'!I17 | E29: ='Week 3'!I17 | F29: ='Week 4'!I17 | G29: ='Week 5'!I17 | H29: ='Week 6'!I17 | I29: ='Week 7'!I17 | J29: ='Week 8'!I17 | K29: ='Week 9'!I17 | L29: ='Week 10'!I17 | M29: ='Week 11'!I17 | N29: ='Week 12'!I17 | P29: ='Week 1'!G17 -> 0 | Q29: ='Week 2'!G17 -> 0 | R29: ='Week 3'!G17 -> 0 | S29: ='Week 4'!G17 -> 0 | T29: ='Week 5'!G17 -> 0 | U29: ='Week 6'!G17 -> 0 | V29: ='Week 7'!G17 -> 0 | W29: ='Week 8'!G17 -> 0 | X29: ='Week 9'!G17 -> 0 | Y29: ='Week 10'!G17 -> 0 | Z29: ='Week 11'!G17 -> 0 | AA29: ='Week 12'!G17 -> 0
C30: - | D30: =IFERROR((D29-C29)/C29,"-") -> - | E30: =IFERROR((E29-D29)/D29,"-") -> - | F30: =IFERROR((F29-E29)/E29,"-") -> - | G30: =IFERROR((G29-F29)/F29,"-") -> - | H30: =IFERROR((H29-G29)/G29,"-") -> - | I30: =IFERROR((I29-H29)/H29,"-") -> - | J30: =IFERROR((J29-I29)/I29,"-") -> - | K30: =IFERROR((K29-J29)/J29,"-") -> - | ... N30: =IFERROR((N29-M29)/M29,"-") -> - | P30: - | Q30: =IFERROR((Q29-P29)/P29,"-") -> - | R30: =IFERROR((R29-Q29)/Q29,"-") -> - | S30: =IFERROR((S29-R29)/R29,"-") -> - | T30: =IFERROR((T29-S29)/S29,"-") -> - | U30: =IFERROR((U29-T29)/T29,"-") -> - | V30: =IFERROR((V29-U29)/U29,"-") -> - | W30: =IFERROR((W29-V29)/V29,"-") -> - | X30: =IFERROR((X29-W29)/W29,"-") -> - | ... AA30: =IFERROR((AA29-Z29)/Z29,"-") -> -
B31: =IF('Workout Setup'!C18=0,"",'Workout Setup'!C18) -> Machine Triceps Extension | C31: ='Week 1'!I18 | D31: ='Week 2'!I18 | E31: ='Week 3'!I18 | F31: ='Week 4'!I18 | G31: ='Week 5'!I18 | H31: ='Week 6'!I18 | I31: ='Week 7'!I18 | J31: ='Week 8'!I18 | K31: ='Week 9'!I18 | L31: ='Week 10'!I18 | M31: ='Week 11'!I18 | N31: ='Week 12'!I18 | P31: ='Week 1'!G18 -> 0 | Q31: ='Week 2'!G18 -> 0 | R31: ='Week 3'!G18 -> 0 | S31: ='Week 4'!G18 -> 0 | T31: ='Week 5'!G18 -> 0 | U31: ='Week 6'!G18 -> 0 | V31: ='Week 7'!G18 -> 0 | W31: ='Week 8'!G18 -> 0 | X31: ='Week 9'!G18 -> 0 | Y31: ='Week 10'!G18 -> 0 | Z31: ='Week 11'!G18 -> 0 | AA31: ='Week 12'!G18 -> 0
C32: - | D32: =IFERROR((D31-C31)/C31,"-") -> - | E32: =IFERROR((E31-D31)/D31,"-") -> - | F32: =IFERROR((F31-E31)/E31,"-") -> - | G32: =IFERROR((G31-F31)/F31,"-") -> - | H32: =IFERROR((H31-G31)/G31,"-") -> - | I32: =IFERROR((I31-H31)/H31,"-") -> - | J32: =IFERROR((J31-I31)/I31,"-") -> - | K32: =IFERROR((K31-J31)/J31,"-") -> - | ... N32: =IFERROR((N31-M31)/M31,"-") -> - | P32: - | Q32: =IFERROR((Q31-P31)/P31,"-") -> - | R32: =IFERROR((R31-Q31)/Q31,"-") -> - | S32: =IFERROR((S31-R31)/R31,"-") -> - | T32: =IFERROR((T31-S31)/S31,"-") -> - | U32: =IFERROR((U31-T31)/T31,"-") -> - | V32: =IFERROR((V31-U31)/U31,"-") -> - | W32: =IFERROR((W31-V31)/V31,"-") -> - | X32: =IFERROR((X31-W31)/W31,"-") -> - | ... AA32: =IFERROR((AA31-Z31)/Z31,"-") -> -
B33: =IF('Workout Setup'!C19=0,"",'Workout Setup'!C19) -> Body Weight Hanging Leg Raise | C33: ='Week 1'!I19 | D33: ='Week 2'!I19 | E33: ='Week 3'!I19 | F33: ='Week 4'!I19 | G33: ='Week 5'!I19 | H33: ='Week 6'!I19 | I33: ='Week 7'!I19 | J33: ='Week 8'!I19 | K33: ='Week 9'!I19 | L33: ='Week 10'!I19 | M33: ='Week 11'!I19 | N33: ='Week 12'!I19 | P33: ='Week 1'!G19 -> 0 | Q33: ='Week 2'!G19 -> 0 | R33: ='Week 3'!G19 -> 0 | S33: ='Week 4'!G19 -> 0 | T33: ='Week 5'!G19 -> 0 | U33: ='Week 6'!G19 -> 0 | V33: ='Week 7'!G19 -> 0 | W33: ='Week 8'!G19 -> 0 | X33: ='Week 9'!G19 -> 0 | Y33: ='Week 10'!G19 -> 0 | Z33: ='Week 11'!G19 -> 0 | AA33: ='Week 12'!G19 -> 0
C34: - | D34: =IFERROR((D33-C33)/C33,"-") -> - | E34: =IFERROR((E33-D33)/D33,"-") -> - | F34: =IFERROR((F33-E33)/E33,"-") -> - | G34: =IFERROR((G33-F33)/F33,"-") -> - | H34: =IFERROR((H33-G33)/G33,"-") -> - | I34: =IFERROR((I33-H33)/H33,"-") -> - | J34: =IFERROR((J33-I33)/I33,"-") -> - | K34: =IFERROR((K33-J33)/J33,"-") -> - | ... N34: =IFERROR((N33-M33)/M33,"-") -> - | P34: - | Q34: =IFERROR((Q33-P33)/P33,"-") -> - | R34: =IFERROR((R33-Q33)/Q33,"-") -> - | S34: =IFERROR((S33-R33)/R33,"-") -> - | T34: =IFERROR((T33-S33)/S33,"-") -> - | U34: =IFERROR((U33-T33)/T33,"-") -> - | V34: =IFERROR((V33-U33)/U33,"-") -> - | W34: =IFERROR((W33-V33)/V33,"-") -> - | X34: =IFERROR((X33-W33)/W33,"-") -> - | ... AA34: =IFERROR((AA33-Z33)/Z33,"-") -> -
B35: =IF('Workout Setup'!C20=0,"",'Workout Setup'!C20) -> Body Weight Ab Crunch | C35: ='Week 1'!I20 | D35: ='Week 2'!I20 | E35: ='Week 3'!I20 | F35: ='Week 4'!I20 | G35: ='Week 5'!I20 | H35: ='Week 6'!I20 | I35: ='Week 7'!I20 | J35: ='Week 8'!I20 | K35: ='Week 9'!I20 | L35: ='Week 10'!I20 | M35: ='Week 11'!I20 | N35: ='Week 12'!I20 | P35: ='Week 1'!G20 -> 0 | Q35: ='Week 2'!G20 -> 0 | R35: ='Week 3'!G20 -> 0 | S35: ='Week 4'!G20 -> 0 | T35: ='Week 5'!G20 -> 0 | U35: ='Week 6'!G20 -> 0 | V35: ='Week 7'!G20 -> 0 | W35: ='Week 8'!G20 -> 0 | X35: ='Week 9'!G20 -> 0 | Y35: ='Week 10'!G20 -> 0 | Z35: ='Week 11'!G20 -> 0 | AA35: ='Week 12'!G20 -> 0
C36: - | D36: =IFERROR((D35-C35)/C35,"-") -> - | E36: =IFERROR((E35-D35)/D35,"-") -> - | F36: =IFERROR((F35-E35)/E35,"-") -> - | G36: =IFERROR((G35-F35)/F35,"-") -> - | H36: =IFERROR((H35-G35)/G35,"-") -> - | I36: =IFERROR((I35-H35)/H35,"-") -> - | J36: =IFERROR((J35-I35)/I35,"-") -> - | K36: =IFERROR((K35-J35)/J35,"-") -> - | ... N36: =IFERROR((N35-M35)/M35,"-") -> - | P36: - | Q36: =IFERROR((Q35-P35)/P35,"-") -> - | R36: =IFERROR((R35-Q35)/Q35,"-") -> - | S36: =IFERROR((S35-R35)/R35,"-") -> - | T36: =IFERROR((T35-S35)/S35,"-") -> - | U36: =IFERROR((U35-T35)/T35,"-") -> - | V36: =IFERROR((V35-U35)/U35,"-") -> - | W36: =IFERROR((W35-V35)/V35,"-") -> - | X36: =IFERROR((X35-W35)/W35,"-") -> - | ... AA36: =IFERROR((AA35-Z35)/Z35,"-") -> -
A39: Day 3 | B39: =IF('Workout Setup'!C24=0,"",'Workout Setup'!C24) -> Dumbbell Hammer Biceps Curl | C39: ='Week 1'!I24 | D39: ='Week 2'!I24 | E39: ='Week 3'!I24 | F39: ='Week 4'!I24 | G39: ='Week 5'!I24 | H39: ='Week 6'!I24 | I39: ='Week 7'!I24 | J39: ='Week 8'!I24 | K39: ='Week 9'!I24 | L39: ='Week 10'!I24 | M39: ='Week 11'!I24 | N39: ='Week 12'!I24 | P39: ='Week 1'!G24 -> 0 | Q39: ='Week 2'!G24 -> 0 | R39: ='Week 3'!G24 -> 0 | S39: ='Week 4'!G24 -> 0 | T39: ='Week 5'!G24 -> 0 | U39: ='Week 6'!G24 -> 0 | V39: ='Week 7'!G24 -> 0 | W39: ='Week 8'!G24 -> 0 | X39: ='Week 9'!G24 -> 0 | Y39: ='Week 10'!G24 -> 0 | Z39: ='Week 11'!G24 -> 0 | AA39: ='Week 12'!G24 -> 0
C40: - | D40: =IFERROR((D39-C39)/C39,"-") -> - | E40: =IFERROR((E39-D39)/D39,"-") -> - | F40: =IFERROR((F39-E39)/E39,"-") -> - | G40: =IFERROR((G39-F39)/F39,"-") -> - | H40: =IFERROR((H39-G39)/G39,"-") -> - | I40: =IFERROR((I39-H39)/H39,"-") -> - | J40: =IFERROR((J39-I39)/I39,"-") -> - | K40: =IFERROR((K39-J39)/J39,"-") -> - | ... N40: =IFERROR((N39-M39)/M39,"-") -> - | P40: - | Q40: =IFERROR((Q39-P39)/P39,"-") -> - | R40: =IFERROR((R39-Q39)/Q39,"-") -> - | S40: =IFERROR((S39-R39)/R39,"-") -> - | T40: =IFERROR((T39-S39)/S39,"-") -> - | U40: =IFERROR((U39-T39)/T39,"-") -> - | V40: =IFERROR((V39-U39)/U39,"-") -> - | W40: =IFERROR((W39-V39)/V39,"-") -> - | X40: =IFERROR((X39-W39)/W39,"-") -> - | ... AA40: =IFERROR((AA39-Z39)/Z39,"-") -> -
B41: =IF('Workout Setup'!C25=0,"",'Workout Setup'!C25) -> Dumbbell Incline Bench Biceps Curl | C41: ='Week 1'!I25 | D41: ='Week 2'!I25 | E41: ='Week 3'!I25 | F41: ='Week 4'!I25 | G41: ='Week 5'!I25 | H41: ='Week 6'!I25 | I41: ='Week 7'!I25 | J41: ='Week 8'!I25 | K41: ='Week 9'!I25 | L41: ='Week 10'!I25 | M41: ='Week 11'!I25 | N41: ='Week 12'!I25 | P41: ='Week 1'!G25 -> 0 | Q41: ='Week 2'!G25 -> 0 | R41: ='Week 3'!G25 -> 0 | S41: ='Week 4'!G25 -> 0 | T41: ='Week 5'!G25 -> 0 | U41: ='Week 6'!G25 -> 0 | V41: ='Week 7'!G25 -> 0 | W41: ='Week 8'!G25 -> 0 | X41: ='Week 9'!G25 -> 0 | Y41: ='Week 10'!G25 -> 0 | Z41: ='Week 11'!G25 -> 0 | AA41: ='Week 12'!G25 -> 0
C42: - | D42: =IFERROR((D41-C41)/C41,"-") -> - | E42: =IFERROR((E41-D41)/D41,"-") -> - | F42: =IFERROR((F41-E41)/E41,"-") -> - | G42: =IFERROR((G41-F41)/F41,"-") -> - | H42: =IFERROR((H41-G41)/G41,"-") -> - | I42: =IFERROR((I41-H41)/H41,"-") -> - | J42: =IFERROR((J41-I41)/I41,"-") -> - | K42: =IFERROR((K41-J41)/J41,"-") -> - | ... N42: =IFERROR((N41-M41)/M41,"-") -> - | P42: - | Q42: =IFERROR((Q41-P41)/P41,"-") -> - | R42: =IFERROR((R41-Q41)/Q41,"-") -> - | S42: =IFERROR((S41-R41)/R41,"-") -> - | T42: =IFERROR((T41-S41)/S41,"-") -> - | U42: =IFERROR((U41-T41)/T41,"-") -> - | V42: =IFERROR((V41-U41)/U41,"-") -> - | W42: =IFERROR((W41-V41)/V41,"-") -> - | X42: =IFERROR((X41-W41)/W41,"-") -> - | ... AA42: =IFERROR((AA41-Z41)/Z41,"-") -> -
B43: =IF('Workout Setup'!C26=0,"",'Workout Setup'!C26) -> Barbell Preacher Biceps Curl | C43: ='Week 1'!I26 | D43: ='Week 2'!I26 | E43: ='Week 3'!I26 | F43: ='Week 4'!I26 | G43: ='Week 5'!I26 | H43: ='Week 6'!I26 | I43: ='Week 7'!I26 | J43: ='Week 8'!I26 | K43: ='Week 9'!I26 | L43: ='Week 10'!I26 | M43: ='Week 11'!I26 | N43: ='Week 12'!I26 | P43: ='Week 1'!G26 -> 0 | Q43: ='Week 2'!G26 -> 0 | R43: ='Week 3'!G26 -> 0 | S43: ='Week 4'!G26 -> 0 | T43: ='Week 5'!G26 -> 0 | U43: ='Week 6'!G26 -> 0 | V43: ='Week 7'!G26 -> 0 | W43: ='Week 8'!G26 -> 0 | X43: ='Week 9'!G26 -> 0 | Y43: ='Week 10'!G26 -> 0 | Z43: ='Week 11'!G26 -> 0 | AA43: ='Week 12'!G26 -> 0
C44: - | D44: =IFERROR((D43-C43)/C43,"-") -> - | E44: =IFERROR((E43-D43)/D43,"-") -> - | F44: =IFERROR((F43-E43)/E43,"-") -> - | G44: =IFERROR((G43-F43)/F43,"-") -> - | H44: =IFERROR((H43-G43)/G43,"-") -> - | I44: =IFERROR((I43-H43)/H43,"-") -> - | J44: =IFERROR((J43-I43)/I43,"-") -> - | K44: =IFERROR((K43-J43)/J43,"-") -> - | ... N44: =IFERROR((N43-M43)/M43,"-") -> - | P44: - | Q44: =IFERROR((Q43-P43)/P43,"-") -> - | R44: =IFERROR((R43-Q43)/Q43,"-") -> - | S44: =IFERROR((S43-R43)/R43,"-") -> - | T44: =IFERROR((T43-S43)/S43,"-") -> - | U44: =IFERROR((U43-T43)/T43,"-") -> - | V44: =IFERROR((V43-U43)/U43,"-") -> - | W44: =IFERROR((W43-V43)/V43,"-") -> - | X44: =IFERROR((X43-W43)/W43,"-") -> - | ... AA44: =IFERROR((AA43-Z43)/Z43,"-") -> -
B45: =IF('Workout Setup'!C27=0,"",'Workout Setup'!C27) -> Dumbbell Side Lateral Raise | C45: ='Week 1'!I27 | D45: ='Week 2'!I27 | E45: ='Week 3'!I27 | F45: ='Week 4'!I27 | G45: ='Week 5'!I27 | H45: ='Week 6'!I27 | I45: ='Week 7'!I27 | J45: ='Week 8'!I27 | K45: ='Week 9'!I27 | L45: ='Week 10'!I27 | M45: ='Week 11'!I27 | N45: ='Week 12'!I27 | P45: ='Week 1'!G27 -> 0 | Q45: ='Week 2'!G27 -> 0 | R45: ='Week 3'!G27 -> 0 | S45: ='Week 4'!G27 -> 0 | T45: ='Week 5'!G27 -> 0 | U45: ='Week 6'!G27 -> 0 | V45: ='Week 7'!G27 -> 0 | W45: ='Week 8'!G27 -> 0 | X45: ='Week 9'!G27 -> 0 | Y45: ='Week 10'!G27 -> 0 | Z45: ='Week 11'!G27 -> 0 | AA45: ='Week 12'!G27 -> 0
C46: - | D46: =IFERROR((D45-C45)/C45,"-") -> - | E46: =IFERROR((E45-D45)/D45,"-") -> - | F46: =IFERROR((F45-E45)/E45,"-") -> - | G46: =IFERROR((G45-F45)/F45,"-") -> - | H46: =IFERROR((H45-G45)/G45,"-") -> - | I46: =IFERROR((I45-H45)/H45,"-") -> - | J46: =IFERROR((J45-I45)/I45,"-") -> - | K46: =IFERROR((K45-J45)/J45,"-") -> - | ... N46: =IFERROR((N45-M45)/M45,"-") -> - | P46: - | Q46: =IFERROR((Q45-P45)/P45,"-") -> - | R46: =IFERROR((R45-Q45)/Q45,"-") -> - | S46: =IFERROR((S45-R45)/R45,"-") -> - | T46: =IFERROR((T45-S45)/S45,"-") -> - | U46: =IFERROR((U45-T45)/T45,"-") -> - | V46: =IFERROR((V45-U45)/U45,"-") -> - | W46: =IFERROR((W45-V45)/V45,"-") -> - | X46: =IFERROR((X45-W45)/W45,"-") -> - | ... AA46: =IFERROR((AA45-Z45)/Z45,"-") -> -
B47: =IF('Workout Setup'!C28=0,"",'Workout Setup'!C28) -> Dumbbell Seated Shoulder Press | C47: ='Week 1'!I28 | D47: ='Week 2'!I28 | E47: ='Week 3'!I28 | F47: ='Week 4'!I28 | G47: ='Week 5'!I28 | H47: ='Week 6'!I28 | I47: ='Week 7'!I28 | J47: ='Week 8'!I28 | K47: ='Week 9'!I28 | L47: ='Week 10'!I28 | M47: ='Week 11'!I28 | N47: ='Week 12'!I28 | P47: ='Week 1'!G28 -> 0 | Q47: ='Week 2'!G28 -> 0 | R47: ='Week 3'!G28 -> 0 | S47: ='Week 4'!G28 -> 0 | T47: ='Week 5'!G28 -> 0 | U47: ='Week 6'!G28 -> 0 | V47: ='Week 7'!G28 -> 0 | W47: ='Week 8'!G28 -> 0 | X47: ='Week 9'!G28 -> 0 | Y47: ='Week 10'!G28 -> 0 | Z47: ='Week 11'!G28 -> 0 | AA47: ='Week 12'!G28 -> 0
C48: - | D48: =IFERROR((D47-C47)/C47,"-") -> - | E48: =IFERROR((E47-D47)/D47,"-") -> - | F48: =IFERROR((F47-E47)/E47,"-") -> - | G48: =IFERROR((G47-F47)/F47,"-") -> - | H48: =IFERROR((H47-G47)/G47,"-") -> - | I48: =IFERROR((I47-H47)/H47,"-") -> - | J48: =IFERROR((J47-I47)/I47,"-") -> - | K48: =IFERROR((K47-J47)/J47,"-") -> - | ... N48: =IFERROR((N47-M47)/M47,"-") -> - | P48: - | Q48: =IFERROR((Q47-P47)/P47,"-") -> - | R48: =IFERROR((R47-Q47)/Q47,"-") -> - | S48: =IFERROR((S47-R47)/R47,"-") -> - | T48: =IFERROR((T47-S47)/S47,"-") -> - | U48: =IFERROR((U47-T47)/T47,"-") -> - | V48: =IFERROR((V47-U47)/U47,"-") -> - | W48: =IFERROR((W47-V47)/V47,"-") -> - | X48: =IFERROR((X47-W47)/W47,"-") -> - | ... AA48: =IFERROR((AA47-Z47)/Z47,"-") -> -
B49: =IF('Workout Setup'!C29=0,"",'Workout Setup'!C29) -> Dumbbell Front Raise | C49: ='Week 1'!I29 | D49: ='Week 2'!I29 | E49: ='Week 3'!I29 | F49: ='Week 4'!I29 | G49: ='Week 5'!I29 | H49: ='Week 6'!I29 | I49: ='Week 7'!I29 | J49: ='Week 8'!I29 | K49: ='Week 9'!I29 | L49: ='Week 10'!I29 | M49: ='Week 11'!I29 | N49: ='Week 12'!I29 | P49: ='Week 1'!G29 -> 0 | Q49: ='Week 2'!G29 -> 0 | R49: ='Week 3'!G29 -> 0 | S49: ='Week 4'!G29 -> 0 | T49: ='Week 5'!G29 -> 0 | U49: ='Week 6'!G29 -> 0 | V49: ='Week 7'!G29 -> 0 | W49: ='Week 8'!G29 -> 0 | X49: ='Week 9'!G29 -> 0 | Y49: ='Week 10'!G29 -> 0 | Z49: ='Week 11'!G29 -> 0 | AA49: ='Week 12'!G29 -> 0
C50: - | D50: =IFERROR((D49-C49)/C49,"-") -> - | E50: =IFERROR((E49-D49)/D49,"-") -> - | F50: =IFERROR((F49-E49)/E49,"-") -> - | G50: =IFERROR((G49-F49)/F49,"-") -> - | H50: =IFERROR((H49-G49)/G49,"-") -> - | I50: =IFERROR((I49-H49)/H49,"-") -> - | J50: =IFERROR((J49-I49)/I49,"-") -> - | K50: =IFERROR((K49-J49)/J49,"-") -> - | ... N50: =IFERROR((N49-M49)/M49,"-") -> - | P50: - | Q50: =IFERROR((Q49-P49)/P49,"-") -> - | R50: =IFERROR((R49-Q49)/Q49,"-") -> - | S50: =IFERROR((S49-R49)/R49,"-") -> - | T50: =IFERROR((T49-S49)/S49,"-") -> - | U50: =IFERROR((U49-T49)/T49,"-") -> - | V50: =IFERROR((V49-U49)/U49,"-") -> - | W50: =IFERROR((W49-V49)/V49,"-") -> - | X50: =IFERROR((X49-W49)/W49,"-") -> - | ... AA50: =IFERROR((AA49-Z49)/Z49,"-") -> -
B51: =IF('Workout Setup'!C30=0,"",'Workout Setup'!C30) -> Machine Chest Press | C51: ='Week 1'!I30 | D51: ='Week 2'!I30 | E51: ='Week 3'!I30 | F51: ='Week 4'!I30 | G51: ='Week 5'!I30 | H51: ='Week 6'!I30 | I51: ='Week 7'!I30 | J51: ='Week 8'!I30 | K51: ='Week 9'!I30 | L51: ='Week 10'!I30 | M51: ='Week 11'!I30 | N51: ='Week 12'!I30 | P51: ='Week 1'!G30 -> 0 | Q51: ='Week 2'!G30 -> 0 | R51: ='Week 3'!G30 -> 0 | S51: ='Week 4'!G30 -> 0 | T51: ='Week 5'!G30 -> 0 | U51: ='Week 6'!G30 -> 0 | V51: ='Week 7'!G30 -> 0 | W51: ='Week 8'!G30 -> 0 | X51: ='Week 9'!G30 -> 0 | Y51: ='Week 10'!G30 -> 0 | Z51: ='Week 11'!G30 -> 0 | AA51: ='Week 12'!G30 -> 0
C52: - | D52: =IFERROR((D51-C51)/C51,"-") -> - | E52: =IFERROR((E51-D51)/D51,"-") -> - | F52: =IFERROR((F51-E51)/E51,"-") -> - | G52: =IFERROR((G51-F51)/F51,"-") -> - | H52: =IFERROR((H51-G51)/G51,"-") -> - | I52: =IFERROR((I51-H51)/H51,"-") -> - | J52: =IFERROR((J51-I51)/I51,"-") -> - | K52: =IFERROR((K51-J51)/J51,"-") -> - | ... N52: =IFERROR((N51-M51)/M51,"-") -> - | P52: - | Q52: =IFERROR((Q51-P51)/P51,"-") -> - | R52: =IFERROR((R51-Q51)/Q51,"-") -> - | S52: =IFERROR((S51-R51)/R51,"-") -> - | T52: =IFERROR((T51-S51)/S51,"-") -> - | U52: =IFERROR((U51-T51)/T51,"-") -> - | V52: =IFERROR((V51-U51)/U51,"-") -> - | W52: =IFERROR((W51-V51)/V51,"-") -> - | X52: =IFERROR((X51-W51)/W51,"-") -> - | ... AA52: =IFERROR((AA51-Z51)/Z51,"-") -> -
B53: =IF('Workout Setup'!C31=0,"",'Workout Setup'!C31) -> Weighted Dip (Chest Variation) | C53: ='Week 1'!I31 | D53: ='Week 2'!I31 | E53: ='Week 3'!I31 | F53: ='Week 4'!I31 | G53: ='Week 5'!I31 | H53: ='Week 6'!I31 | I53: ='Week 7'!I31 | J53: ='Week 8'!I31 | K53: ='Week 9'!I31 | L53: ='Week 10'!I31 | M53: ='Week 11'!I31 | N53: ='Week 12'!I31 | P53: ='Week 1'!G31 -> 0 | Q53: ='Week 2'!G31 -> 0 | R53: ='Week 3'!G31 -> 0 | S53: ='Week 4'!G31 -> 0 | T53: ='Week 5'!G31 -> 0 | U53: ='Week 6'!G31 -> 0 | V53: ='Week 7'!G31 -> 0 | W53: ='Week 8'!G31 -> 0 | X53: ='Week 9'!G31 -> 0 | Y53: ='Week 10'!G31 -> 0 | Z53: ='Week 11'!G31 -> 0 | AA53: ='Week 12'!G31 -> 0
C54: - | D54: =IFERROR((D53-C53)/C53,"-") -> - | E54: =IFERROR((E53-D53)/D53,"-") -> - | F54: =IFERROR((F53-E53)/E53,"-") -> - | G54: =IFERROR((G53-F53)/F53,"-") -> - | H54: =IFERROR((H53-G53)/G53,"-") -> - | I54: =IFERROR((I53-H53)/H53,"-") -> - | J54: =IFERROR((J53-I53)/I53,"-") -> - | K54: =IFERROR((K53-J53)/J53,"-") -> - | ... N54: =IFERROR((N53-M53)/M53,"-") -> - | P54: - | Q54: =IFERROR((Q53-P53)/P53,"-") -> - | R54: =IFERROR((R53-Q53)/Q53,"-") -> - | S54: =IFERROR((S53-R53)/R53,"-") -> - | T54: =IFERROR((T53-S53)/S53,"-") -> - | U54: =IFERROR((U53-T53)/T53,"-") -> - | V54: =IFERROR((V53-U53)/U53,"-") -> - | W54: =IFERROR((W53-V53)/V53,"-") -> - | X54: =IFERROR((X53-W53)/W53,"-") -> - | ... AA54: =IFERROR((AA53-Z53)/Z53,"-") -> -
A57: Day 4 | B57: =IF('Workout Setup'!C35=0,"",'Workout Setup'!C35) -> Banded Leg Extension | C57: ='Week 1'!I35 | D57: ='Week 2'!I35 | E57: ='Week 3'!I35 | F57: ='Week 4'!I35 | G57: ='Week 5'!I35 | H57: ='Week 6'!I35 | I57: ='Week 7'!I35 | J57: ='Week 8'!I35 | K57: ='Week 9'!I35 | L57: ='Week 10'!I35 | M57: ='Week 11'!I35 | N57: ='Week 12'!I35 | P57: ='Week 1'!G35 -> 0 | Q57: ='Week 2'!G35 -> 0 | R57: ='Week 3'!G35 -> 0 | S57: ='Week 4'!G35 -> 0 | T57: ='Week 5'!G35 -> 0 | U57: ='Week 6'!G35 -> 0 | V57: ='Week 7'!G35 -> 0 | W57: ='Week 8'!G35 -> 0 | X57: ='Week 9'!G35 -> 0 | Y57: ='Week 10'!G35 -> 0 | Z57: ='Week 11'!G35 -> 0 | AA57: ='Week 12'!G35 -> 0
C58: - | D58: =IFERROR((D57-C57)/C57,"-") -> - | E58: =IFERROR((E57-D57)/D57,"-") -> - | F58: =IFERROR((F57-E57)/E57,"-") -> - | G58: =IFERROR((G57-F57)/F57,"-") -> - | H58: =IFERROR((H57-G57)/G57,"-") -> - | I58: =IFERROR((I57-H57)/H57,"-") -> - | J58: =IFERROR((J57-I57)/I57,"-") -> - | K58: =IFERROR((K57-J57)/J57,"-") -> - | ... N58: =IFERROR((N57-M57)/M57,"-") -> - | P58: - | Q58: =IFERROR((Q57-P57)/P57,"-") -> - | R58: =IFERROR((R57-Q57)/Q57,"-") -> - | S58: =IFERROR((S57-R57)/R57,"-") -> - | T58: =IFERROR((T57-S57)/S57,"-") -> - | U58: =IFERROR((U57-T57)/T57,"-") -> - | V58: =IFERROR((V57-U57)/U57,"-") -> - | W58: =IFERROR((W57-V57)/V57,"-") -> - | X58: =IFERROR((X57-W57)/W57,"-") -> - | ... AA58: =IFERROR((AA57-Z57)/Z57,"-") -> -
B59: =IF('Workout Setup'!C36=0,"",'Workout Setup'!C36) -> Dumbbell Goblet Squat | C59: ='Week 1'!I36 | D59: ='Week 2'!I36 | E59: ='Week 3'!I36 | F59: ='Week 4'!I36 | G59: ='Week 5'!I36 | H59: ='Week 6'!I36 | I59: ='Week 7'!I36 | J59: ='Week 8'!I36 | K59: ='Week 9'!I36 | L59: ='Week 10'!I36 | M59: ='Week 11'!I36 | N59: ='Week 12'!I36 | P59: ='Week 1'!G36 -> 0 | Q59: ='Week 2'!G36 -> 0 | R59: ='Week 3'!G36 -> 0 | S59: ='Week 4'!G36 -> 0 | T59: ='Week 5'!G36 -> 0 | U59: ='Week 6'!G36 -> 0 | V59: ='Week 7'!G36 -> 0 | W59: ='Week 8'!G36 -> 0 | X59: ='Week 9'!G36 -> 0 | Y59: ='Week 10'!G36 -> 0 | Z59: ='Week 11'!G36 -> 0 | AA59: ='Week 12'!G36 -> 0
C60: - | D60: =IFERROR((D59-C59)/C59,"-") -> - | E60: =IFERROR((E59-D59)/D59,"-") -> - | F60: =IFERROR((F59-E59)/E59,"-") -> - | G60: =IFERROR((G59-F59)/F59,"-") -> - | H60: =IFERROR((H59-G59)/G59,"-") -> - | I60: =IFERROR((I59-H59)/H59,"-") -> - | J60: =IFERROR((J59-I59)/I59,"-") -> - | K60: =IFERROR((K59-J59)/J59,"-") -> - | ... N60: =IFERROR((N59-M59)/M59,"-") -> - | P60: - | Q60: =IFERROR((Q59-P59)/P59,"-") -> - | R60: =IFERROR((R59-Q59)/Q59,"-") -> - | S60: =IFERROR((S59-R59)/R59,"-") -> - | T60: =IFERROR((T59-S59)/S59,"-") -> - | U60: =IFERROR((U59-T59)/T59,"-") -> - | V60: =IFERROR((V59-U59)/U59,"-") -> - | W60: =IFERROR((W59-V59)/V59,"-") -> - | X60: =IFERROR((X59-W59)/W59,"-") -> - | ... AA60: =IFERROR((AA59-Z59)/Z59,"-") -> -
B61: =IF('Workout Setup'!C37=0,"",'Workout Setup'!C37) -> Hip Ab/Adduction (Pulse) | C61: ='Week 1'!I37 | D61: ='Week 2'!I37 | E61: ='Week 3'!I37 | F61: ='Week 4'!I37 | G61: ='Week 5'!I37 | H61: ='Week 6'!I37 | I61: ='Week 7'!I37 | J61: ='Week 8'!I37 | K61: ='Week 9'!I37 | L61: ='Week 10'!I37 | M61: ='Week 11'!I37 | N61: ='Week 12'!I37 | P61: ='Week 1'!G37 -> 0 | Q61: ='Week 2'!G37 -> 0 | R61: ='Week 3'!G37 -> 0 | S61: ='Week 4'!G37 -> 0 | T61: ='Week 5'!G37 -> 0 | U61: ='Week 6'!G37 -> 0 | V61: ='Week 7'!G37 -> 0 | W61: ='Week 8'!G37 -> 0 | X61: ='Week 9'!G37 -> 0 | Y61: ='Week 10'!G37 -> 0 | Z61: ='Week 11'!G37 -> 0 | AA61: ='Week 12'!G37 -> 0
C62: - | D62: =IFERROR((D61-C61)/C61,"-") -> - | E62: =IFERROR((E61-D61)/D61,"-") -> - | F62: =IFERROR((F61-E61)/E61,"-") -> - | G62: =IFERROR((G61-F61)/F61,"-") -> - | H62: =IFERROR((H61-G61)/G61,"-") -> - | I62: =IFERROR((I61-H61)/H61,"-") -> - | J62: =IFERROR((J61-I61)/I61,"-") -> - | K62: =IFERROR((K61-J61)/J61,"-") -> - | ... N62: =IFERROR((N61-M61)/M61,"-") -> - | P62: - | Q62: =IFERROR((Q61-P61)/P61,"-") -> - | R62: =IFERROR((R61-Q61)/Q61,"-") -> - | S62: =IFERROR((S61-R61)/R61,"-") -> - | T62: =IFERROR((T61-S61)/S61,"-") -> - | U62: =IFERROR((U61-T61)/T61,"-") -> - | V62: =IFERROR((V61-U61)/U61,"-") -> - | W62: =IFERROR((W61-V61)/V61,"-") -> - | X62: =IFERROR((X61-W61)/W61,"-") -> - | ... AA62: =IFERROR((AA61-Z61)/Z61,"-") -> -
B63: =IF('Workout Setup'!C38=0,"",'Workout Setup'!C38) -> ITB release via Foam roller | C63: ='Week 1'!I38 | D63: ='Week 2'!I38 | E63: ='Week 3'!I38 | F63: ='Week 4'!I38 | G63: ='Week 5'!I38 | H63: ='Week 6'!I38 | I63: ='Week 7'!I38 | J63: ='Week 8'!I38 | K63: ='Week 9'!I38 | L63: ='Week 10'!I38 | M63: ='Week 11'!I38 | N63: ='Week 12'!I38 | P63: ='Week 1'!G38 -> 0 | Q63: ='Week 2'!G38 -> 0 | R63: ='Week 3'!G38 -> 0 | S63: ='Week 4'!G38 -> 0 | T63: ='Week 5'!G38 -> 0 | U63: ='Week 6'!G38 -> 0 | V63: ='Week 7'!G38 -> 0 | W63: ='Week 8'!G38 -> 0 | X63: ='Week 9'!G38 -> 0 | Y63: ='Week 10'!G38 -> 0 | Z63: ='Week 11'!G38 -> 0 | AA63: ='Week 12'!G38 -> 0
C64: - | D64: =IFERROR((D63-C63)/C63,"-") -> - | E64: =IFERROR((E63-D63)/D63,"-") -> - | F64: =IFERROR((F63-E63)/E63,"-") -> - | G64: =IFERROR((G63-F63)/F63,"-") -> - | H64: =IFERROR((H63-G63)/G63,"-") -> - | I64: =IFERROR((I63-H63)/H63,"-") -> - | J64: =IFERROR((J63-I63)/I63,"-") -> - | K64: =IFERROR((K63-J63)/J63,"-") -> - | ... N64: =IFERROR((N63-M63)/M63,"-") -> - | P64: - | Q64: =IFERROR((Q63-P63)/P63,"-") -> - | R64: =IFERROR((R63-Q63)/Q63,"-") -> - | S64: =IFERROR((S63-R63)/R63,"-") -> - | T64: =IFERROR((T63-S63)/S63,"-") -> - | U64: =IFERROR((U63-T63)/T63,"-") -> - | V64: =IFERROR((V63-U63)/U63,"-") -> - | W64: =IFERROR((W63-V63)/V63,"-") -> - | X64: =IFERROR((X63-W63)/W63,"-") -> - | ... AA64: =IFERROR((AA63-Z63)/Z63,"-") -> -
B65: =IF('Workout Setup'!C39=0,"",'Workout Setup'!C39) -> TFL release via Trigger ball | C65: ='Week 1'!I39 | D65: ='Week 2'!I39 | E65: ='Week 3'!I39 | F65: ='Week 4'!I39 | G65: ='Week 5'!I39 | H65: ='Week 6'!I39 | I65: ='Week 7'!I39 | J65: ='Week 8'!I39 | K65: ='Week 9'!I39 | L65: ='Week 10'!I39 | M65: ='Week 11'!I39 | N65: ='Week 12'!I39 | P65: ='Week 1'!G39 -> 0 | Q65: ='Week 2'!G39 -> 0 | R65: ='Week 3'!G39 -> 0 | S65: ='Week 4'!G39 -> 0 | T65: ='Week 5'!G39 -> 0 | U65: ='Week 6'!G39 -> 0 | V65: ='Week 7'!G39 -> 0 | W65: ='Week 8'!G39 -> 0 | X65: ='Week 9'!G39 -> 0 | Y65: ='Week 10'!G39 -> 0 | Z65: ='Week 11'!G39 -> 0 | AA65: ='Week 12'!G39 -> 0
C66: - | D66: =IFERROR((D65-C65)/C65,"-") -> - | E66: =IFERROR((E65-D65)/D65,"-") -> - | F66: =IFERROR((F65-E65)/E65,"-") -> - | G66: =IFERROR((G65-F65)/F65,"-") -> - | H66: =IFERROR((H65-G65)/G65,"-") -> - | I66: =IFERROR((I65-H65)/H65,"-") -> - | J66: =IFERROR((J65-I65)/I65,"-") -> - | K66: =IFERROR((K65-J65)/J65,"-") -> - | ... N66: =IFERROR((N65-M65)/M65,"-") -> - | P66: - | Q66: =IFERROR((Q65-P65)/P65,"-") -> - | R66: =IFERROR((R65-Q65)/Q65,"-") -> - | S66: =IFERROR((S65-R65)/R65,"-") -> - | T66: =IFERROR((T65-S65)/S65,"-") -> - | U66: =IFERROR((U65-T65)/T65,"-") -> - | V66: =IFERROR((V65-U65)/U65,"-") -> - | W66: =IFERROR((W65-V65)/V65,"-") -> - | X66: =IFERROR((X65-W65)/W65,"-") -> - | ... AA66: =IFERROR((AA65-Z65)/Z65,"-") -> -
B67: =IF('Workout Setup'!C40=0,"",'Workout Setup'!C40) -> Single Leg Seated Calf Raise | C67: ='Week 1'!I40 | D67: ='Week 2'!I40 | E67: ='Week 3'!I40 | F67: ='Week 4'!I40 | G67: ='Week 5'!I40 | H67: ='Week 6'!I40 | I67: ='Week 7'!I40 | J67: ='Week 8'!I40 | K67: ='Week 9'!I40 | L67: ='Week 10'!I40 | M67: ='Week 11'!I40 | N67: ='Week 12'!I40 | P67: ='Week 1'!G40 -> 0 | Q67: ='Week 2'!G40 -> 0 | R67: ='Week 3'!G40 -> 0 | S67: ='Week 4'!G40 -> 0 | T67: ='Week 5'!G40 -> 0 | U67: ='Week 6'!G40 -> 0 | V67: ='Week 7'!G40 -> 0 | W67: ='Week 8'!G40 -> 0 | X67: ='Week 9'!G40 -> 0 | Y67: ='Week 10'!G40 -> 0 | Z67: ='Week 11'!G40 -> 0 | AA67: ='Week 12'!G40 -> 0
C68: - | D68: =IFERROR((D67-C67)/C67,"-") -> - | E68: =IFERROR((E67-D67)/D67,"-") -> - | F68: =IFERROR((F67-E67)/E67,"-") -> - | G68: =IFERROR((G67-F67)/F67,"-") -> - | H68: =IFERROR((H67-G67)/G67,"-") -> - | I68: =IFERROR((I67-H67)/H67,"-") -> - | J68: =IFERROR((J67-I67)/I67,"-") -> - | K68: =IFERROR((K67-J67)/J67,"-") -> - | ... N68: =IFERROR((N67-M67)/M67,"-") -> - | P68: - | Q68: =IFERROR((Q67-P67)/P67,"-") -> - | R68: =IFERROR((R67-Q67)/Q67,"-") -> - | S68: =IFERROR((S67-R67)/R67,"-") -> - | T68: =IFERROR((T67-S67)/S67,"-") -> - | U68: =IFERROR((U67-T67)/T67,"-") -> - | V68: =IFERROR((V67-U67)/U67,"-") -> - | W68: =IFERROR((W67-V67)/V67,"-") -> - | X68: =IFERROR((X67-W67)/W67,"-") -> - | ... AA68: =IFERROR((AA67-Z67)/Z67,"-") -> -
B69: =IF('Workout Setup'!C41=0,"",'Workout Setup'!C41) -> Machine Calf Raise | C69: ='Week 1'!I41 | D69: ='Week 2'!I41 | E69: ='Week 3'!I41 | F69: ='Week 4'!I41 | G69: ='Week 5'!I41 | H69: ='Week 6'!I41 | I69: ='Week 7'!I41 | J69: ='Week 8'!I41 | K69: ='Week 9'!I41 | L69: ='Week 10'!I41 | M69: ='Week 11'!I41 | N69: ='Week 12'!I41 | P69: ='Week 1'!G41 -> 0 | Q69: ='Week 2'!G41 -> 0 | R69: ='Week 3'!G41 -> 0 | S69: ='Week 4'!G41 -> 0 | T69: ='Week 5'!G41 -> 0 | U69: ='Week 6'!G41 -> 0 | V69: ='Week 7'!G41 -> 0 | W69: ='Week 8'!G41 -> 0 | X69: ='Week 9'!G41 -> 0 | Y69: ='Week 10'!G41 -> 0 | Z69: ='Week 11'!G41 -> 0 | AA69: ='Week 12'!G41 -> 0
C70: - | D70: =IFERROR((D69-C69)/C69,"-") -> - | E70: =IFERROR((E69-D69)/D69,"-") -> - | F70: =IFERROR((F69-E69)/E69,"-") -> - | G70: =IFERROR((G69-F69)/F69,"-") -> - | H70: =IFERROR((H69-G69)/G69,"-") -> - | I70: =IFERROR((I69-H69)/H69,"-") -> - | J70: =IFERROR((J69-I69)/I69,"-") -> - | K70: =IFERROR((K69-J69)/J69,"-") -> - | ... N70: =IFERROR((N69-M69)/M69,"-") -> - | P70: - | Q70: =IFERROR((Q69-P69)/P69,"-") -> - | R70: =IFERROR((R69-Q69)/Q69,"-") -> - | S70: =IFERROR((S69-R69)/R69,"-") -> - | T70: =IFERROR((T69-S69)/S69,"-") -> - | U70: =IFERROR((U69-T69)/T69,"-") -> - | V70: =IFERROR((V69-U69)/U69,"-") -> - | W70: =IFERROR((W69-V69)/V69,"-") -> - | X70: =IFERROR((X69-W69)/W69,"-") -> - | ... AA70: =IFERROR((AA69-Z69)/Z69,"-") -> -
B71: =IF('Workout Setup'!C42=0,"",'Workout Setup'!C42) -> Double Leg Hamstring Bridge | C71: ='Week 1'!I42 | D71: ='Week 2'!I42 | E71: ='Week 3'!I42 | F71: ='Week 4'!I42 | G71: ='Week 5'!I42 | H71: ='Week 6'!I42 | I71: ='Week 7'!I42 | J71: ='Week 8'!I42 | K71: ='Week 9'!I42 | L71: ='Week 10'!I42 | M71: ='Week 11'!I42 | N71: ='Week 12'!I42 | P71: ='Week 1'!G42 -> 0 | Q71: ='Week 2'!G42 -> 0 | R71: ='Week 3'!G42 -> 0 | S71: ='Week 4'!G42 -> 0 | T71: ='Week 5'!G42 -> 0 | U71: ='Week 6'!G42 -> 0 | V71: ='Week 7'!G42 -> 0 | W71: ='Week 8'!G42 -> 0 | X71: ='Week 9'!G42 -> 0 | Y71: ='Week 10'!G42 -> 0 | Z71: ='Week 11'!G42 -> 0 | AA71: ='Week 12'!G42 -> 0
C72: - | D72: =IFERROR((D71-C71)/C71,"-") -> - | E72: =IFERROR((E71-D71)/D71,"-") -> - | F72: =IFERROR((F71-E71)/E71,"-") -> - | G72: =IFERROR((G71-F71)/F71,"-") -> - | H72: =IFERROR((H71-G71)/G71,"-") -> - | I72: =IFERROR((I71-H71)/H71,"-") -> - | J72: =IFERROR((J71-I71)/I71,"-") -> - | K72: =IFERROR((K71-J71)/J71,"-") -> - | ... N72: =IFERROR((N71-M71)/M71,"-") -> - | P72: - | Q72: =IFERROR((Q71-P71)/P71,"-") -> - | R72: =IFERROR((R71-Q71)/Q71,"-") -> - | S72: =IFERROR((S71-R71)/R71,"-") -> - | T72: =IFERROR((T71-S71)/S71,"-") -> - | U72: =IFERROR((U71-T71)/T71,"-") -> - | V72: =IFERROR((V71-U71)/U71,"-") -> - | W72: =IFERROR((W71-V71)/V71,"-") -> - | X72: =IFERROR((X71-W71)/W71,"-") -> - | ... AA72: =IFERROR((AA71-Z71)/Z71,"-") -> -
A75: Day 5 | B75: =IF('Workout Setup'!#REF!=0,"",'Workout Setup'!#REF!) -> #REF! | C75: ='Week 1'!#REF! -> #REF! | D75: ='Week 2'!#REF! -> #REF! | E75: ='Week 3'!#REF! -> #REF! | F75: ='Week 4'!#REF! -> #REF! | G75: ='Week 5'!#REF! -> #REF! | H75: ='Week 6'!#REF! -> #REF! | I75: ='Week 7'!#REF! -> #REF! | J75: ='Week 8'!#REF! -> #REF! | K75: ='Week 9'!#REF! -> #REF! | L75: ='Week 10'!#REF! -> #REF! | M75: ='Week 11'!#REF! -> #REF! | N75: ='Week 12'!#REF! -> #REF! | P75: ='Week 1'!#REF! -> #REF! | Q75: ='Week 2'!#REF! -> #REF! | R75: ='Week 3'!#REF! -> #REF! | S75: ='Week 4'!#REF! -> #REF! | T75: ='Week 5'!#REF! -> #REF! | U75: ='Week 6'!#REF! -> #REF! | V75: ='Week 7'!#REF! -> #REF! | W75: ='Week 8'!#REF! -> #REF! | X75: ='Week 9'!#REF! -> #REF! | Y75: ='Week 10'!#REF! -> #REF! | Z75: ='Week 11'!#REF! -> #REF! | AA75: ='Week 12'!#REF! -> #REF!
C76: - | D76: =IFERROR((D75-C75)/C75,"-") -> - | E76: =IFERROR((E75-D75)/D75,"-") -> - | F76: =IFERROR((F75-E75)/E75,"-") -> - | G76: =IFERROR((G75-F75)/F75,"-") -> - | H76: =IFERROR((H75-G75)/G75,"-") -> - | I76: =IFERROR((I75-H75)/H75,"-") -> - | J76: =IFERROR((J75-I75)/I75,"-") -> - | K76: =IFERROR((K75-J75)/J75,"-") -> - | ... N76: =IFERROR((N75-M75)/M75,"-") -> - | P76: - | Q76: =IFERROR((Q75-P75)/P75,"-") -> - | R76: =IFERROR((R75-Q75)/Q75,"-") -> - | S76: =IFERROR((S75-R75)/R75,"-") -> - | T76: =IFERROR((T75-S75)/S75,"-") -> - | U76: =IFERROR((U75-T75)/T75,"-") -> - | V76: =IFERROR((V75-U75)/U75,"-") -> - | W76: =IFERROR((W75-V75)/V75,"-") -> - | X76: =IFERROR((X75-W75)/W75,"-") -> - | ... AA76: =IFERROR((AA75-Z75)/Z75,"-") -> -
B77: =IF('Workout Setup'!#REF!=0,"",'Workout Setup'!#REF!) -> #REF! | C77: ='Week 1'!#REF! -> #REF! | D77: ='Week 2'!#REF! -> #REF! | E77: ='Week 3'!#REF! -> #REF! | F77: ='Week 4'!#REF! -> #REF! | G77: ='Week 5'!#REF! -> #REF! | H77: ='Week 6'!#REF! -> #REF! | I77: ='Week 7'!#REF! -> #REF! | J77: ='Week 8'!#REF! -> #REF! | K77: ='Week 9'!#REF! -> #REF! | L77: ='Week 10'!#REF! -> #REF! | M77: ='Week 11'!#REF! -> #REF! | N77: ='Week 12'!#REF! -> #REF! | P77: ='Week 1'!#REF! -> #REF! | Q77: ='Week 2'!#REF! -> #REF! | R77: ='Week 3'!#REF! -> #REF! | S77: ='Week 4'!#REF! -> #REF! | T77: ='Week 5'!#REF! -> #REF! | U77: ='Week 6'!#REF! -> #REF! | V77: ='Week 7'!#REF! -> #REF! | W77: ='Week 8'!#REF! -> #REF! | X77: ='Week 9'!#REF! -> #REF! | Y77: ='Week 10'!#REF! -> #REF! | Z77: ='Week 11'!#REF! -> #REF! | AA77: ='Week 12'!#REF! -> #REF!
C78: - | D78: =IFERROR((D77-C77)/C77,"-") -> - | E78: =IFERROR((E77-D77)/D77,"-") -> - | F78: =IFERROR((F77-E77)/E77,"-") -> - | G78: =IFERROR((G77-F77)/F77,"-") -> - | H78: =IFERROR((H77-G77)/G77,"-") -> - | I78: =IFERROR((I77-H77)/H77,"-") -> - | J78: =IFERROR((J77-I77)/I77,"-") -> - | K78: =IFERROR((K77-J77)/J77,"-") -> - | ... N78: =IFERROR((N77-M77)/M77,"-") -> - | P78: - | Q78: =IFERROR((Q77-P77)/P77,"-") -> - | R78: =IFERROR((R77-Q77)/Q77,"-") -> - | S78: =IFERROR((S77-R77)/R77,"-") -> - | T78: =IFERROR((T77-S77)/S77,"-") -> - | U78: =IFERROR((U77-T77)/T77,"-") -> - | V78: =IFERROR((V77-U77)/U77,"-") -> - | W78: =IFERROR((W77-V77)/V77,"-") -> - | X78: =IFERROR((X77-W77)/W77,"-") -> - | ... AA78: =IFERROR((AA77-Z77)/Z77,"-") -> -
B79: =IF('Workout Setup'!#REF!=0,"",'Workout Setup'!#REF!) -> #REF! | C79: ='Week 1'!#REF! -> #REF! | D79: ='Week 2'!#REF! -> #REF! | E79: ='Week 3'!#REF! -> #REF! | F79: ='Week 4'!#REF! -> #REF! | G79: ='Week 5'!#REF! -> #REF! | H79: ='Week 6'!#REF! -> #REF! | I79: ='Week 7'!#REF! -> #REF! | J79: ='Week 8'!#REF! -> #REF! | K79: ='Week 9'!#REF! -> #REF! | L79: ='Week 10'!#REF! -> #REF! | M79: ='Week 11'!#REF! -> #REF! | N79: ='Week 12'!#REF! -> #REF! | P79: ='Week 1'!#REF! -> #REF! | Q79: ='Week 2'!#REF! -> #REF! | R79: ='Week 3'!#REF! -> #REF! | S79: ='Week 4'!#REF! -> #REF! | T79: ='Week 5'!#REF! -> #REF! | U79: ='Week 6'!#REF! -> #REF! | V79: ='Week 7'!#REF! -> #REF! | W79: ='Week 8'!#REF! -> #REF! | X79: ='Week 9'!#REF! -> #REF! | Y79: ='Week 10'!#REF! -> #REF! | Z79: ='Week 11'!#REF! -> #REF! | AA79: ='Week 12'!#REF! -> #REF!
C80: - | D80: =IFERROR((D79-C79)/C79,"-") -> - | E80: =IFERROR((E79-D79)/D79,"-") -> - | F80: =IFERROR((F79-E79)/E79,"-") -> - | G80: =IFERROR((G79-F79)/F79,"-") -> - | H80: =IFERROR((H79-G79)/G79,"-") -> - | I80: =IFERROR((I79-H79)/H79,"-") -> - | J80: =IFERROR((J79-I79)/I79,"-") -> - | K80: =IFERROR((K79-J79)/J79,"-") -> - | ... N80: =IFERROR((N79-M79)/M79,"-") -> - | P80: - | Q80: =IFERROR((Q79-P79)/P79,"-") -> - | R80: =IFERROR((R79-Q79)/Q79,"-") -> - | S80: =IFERROR((S79-R79)/R79,"-") -> - | T80: =IFERROR((T79-S79)/S79,"-") -> - | U80: =IFERROR((U79-T79)/T79,"-") -> - | V80: =IFERROR((V79-U79)/U79,"-") -> - | W80: =IFERROR((W79-V79)/V79,"-") -> - | X80: =IFERROR((X79-W79)/W79,"-") -> - | ... AA80: =IFERROR((AA79-Z79)/Z79,"-") -> -
B81: =IF('Workout Setup'!#REF!=0,"",'Workout Setup'!#REF!) -> #REF! | C81: ='Week 1'!#REF! -> #REF! | D81: ='Week 2'!#REF! -> #REF! | E81: ='Week 3'!#REF! -> #REF! | F81: ='Week 4'!#REF! -> #REF! | G81: ='Week 5'!#REF! -> #REF! | H81: ='Week 6'!#REF! -> #REF! | I81: ='Week 7'!#REF! -> #REF! | J81: ='Week 8'!#REF! -> #REF! | K81: ='Week 9'!#REF! -> #REF! | L81: ='Week 10'!#REF! -> #REF! | M81: ='Week 11'!#REF! -> #REF! | N81: ='Week 12'!#REF! -> #REF! | P81: ='Week 1'!#REF! -> #REF! | Q81: ='Week 2'!#REF! -> #REF! | R81: ='Week 3'!#REF! -> #REF! | S81: ='Week 4'!#REF! -> #REF! | T81: ='Week 5'!#REF! -> #REF! | U81: ='Week 6'!#REF! -> #REF! | V81: ='Week 7'!#REF! -> #REF! | W81: ='Week 8'!#REF! -> #REF! | X81: ='Week 9'!#REF! -> #REF! | Y81: ='Week 10'!#REF! -> #REF! | Z81: ='Week 11'!#REF! -> #REF! | AA81: ='Week 12'!#REF! -> #REF!
C82: - | D82: =IFERROR((D81-C81)/C81,"-") -> - | E82: =IFERROR((E81-D81)/D81,"-") -> - | F82: =IFERROR((F81-E81)/E81,"-") -> - | G82: =IFERROR((G81-F81)/F81,"-") -> - | H82: =IFERROR((H81-G81)/G81,"-") -> - | I82: =IFERROR((I81-H81)/H81,"-") -> - | J82: =IFERROR((J81-I81)/I81,"-") -> - | K82: =IFERROR((K81-J81)/J81,"-") -> - | ... N82: =IFERROR((N81-M81)/M81,"-") -> - | P82: - | Q82: =IFERROR((Q81-P81)/P81,"-") -> - | R82: =IFERROR((R81-Q81)/Q81,"-") -> - | S82: =IFERROR((S81-R81)/R81,"-") -> - | T82: =IFERROR((T81-S81)/S81,"-") -> - | U82: =IFERROR((U81-T81)/T81,"-") -> - | V82: =IFERROR((V81-U81)/U81,"-") -> - | W82: =IFERROR((W81-V81)/V81,"-") -> - | X82: =IFERROR((X81-W81)/W81,"-") -> - | ... AA82: =IFERROR((AA81-Z81)/Z81,"-") -> -
B83: =IF('Workout Setup'!#REF!=0,"",'Workout Setup'!#REF!) -> #REF! | C83: ='Week 1'!#REF! -> #REF! | D83: ='Week 2'!#REF! -> #REF! | E83: ='Week 3'!#REF! -> #REF! | F83: ='Week 4'!#REF! -> #REF! | G83: ='Week 5'!#REF! -> #REF! | H83: ='Week 6'!#REF! -> #REF! | I83: ='Week 7'!#REF! -> #REF! | J83: ='Week 8'!#REF! -> #REF! | K83: ='Week 9'!#REF! -> #REF! | L83: ='Week 10'!#REF! -> #REF! | M83: ='Week 11'!#REF! -> #REF! | N83: ='Week 12'!#REF! -> #REF! | P83: ='Week 1'!#REF! -> #REF! | Q83: ='Week 2'!#REF! -> #REF! | R83: ='Week 3'!#REF! -> #REF! | S83: ='Week 4'!#REF! -> #REF! | T83: ='Week 5'!#REF! -> #REF! | U83: ='Week 6'!#REF! -> #REF! | V83: ='Week 7'!#REF! -> #REF! | W83: ='Week 8'!#REF! -> #REF! | X83: ='Week 9'!#REF! -> #REF! | Y83: ='Week 10'!#REF! -> #REF! | Z83: ='Week 11'!#REF! -> #REF! | AA83: ='Week 12'!#REF! -> #REF!
C84: - | D84: =IFERROR((D83-C83)/C83,"-") -> - | E84: =IFERROR((E83-D83)/D83,"-") -> - | F84: =IFERROR((F83-E83)/E83,"-") -> - | G84: =IFERROR((G83-F83)/F83,"-") -> - | H84: =IFERROR((H83-G83)/G83,"-") -> - | I84: =IFERROR((I83-H83)/H83,"-") -> - | J84: =IFERROR((J83-I83)/I83,"-") -> - | K84: =IFERROR((K83-J83)/J83,"-") -> - | ... N84: =IFERROR((N83-M83)/M83,"-") -> - | P84: - | Q84: =IFERROR((Q83-P83)/P83,"-") -> - | R84: =IFERROR((R83-Q83)/Q83,"-") -> - | S84: =IFERROR((S83-R83)/R83,"-") -> - | T84: =IFERROR((T83-S83)/S83,"-") -> - | U84: =IFERROR((U83-T83)/T83,"-") -> - | V84: =IFERROR((V83-U83)/U83,"-") -> - | W84: =IFERROR((W83-V83)/V83,"-") -> - | X84: =IFERROR((X83-W83)/W83,"-") -> - | ... AA84: =IFERROR((AA83-Z83)/Z83,"-") -> -
B85: =IF('Workout Setup'!#REF!=0,"",'Workout Setup'!#REF!) -> #REF! | C85: ='Week 1'!#REF! -> #REF! | D85: ='Week 2'!#REF! -> #REF! | E85: ='Week 3'!#REF! -> #REF! | F85: ='Week 4'!#REF! -> #REF! | G85: ='Week 5'!#REF! -> #REF! | H85: ='Week 6'!#REF! -> #REF! | I85: ='Week 7'!#REF! -> #REF! | J85: ='Week 8'!#REF! -> #REF! | K85: ='Week 9'!#REF! -> #REF! | L85: ='Week 10'!#REF! -> #REF! | M85: ='Week 11'!#REF! -> #REF! | N85: ='Week 12'!#REF! -> #REF! | P85: ='Week 1'!#REF! -> #REF! | Q85: ='Week 2'!#REF! -> #REF! | R85: ='Week 3'!#REF! -> #REF! | S85: ='Week 4'!#REF! -> #REF! | T85: ='Week 5'!#REF! -> #REF! | U85: ='Week 6'!#REF! -> #REF! | V85: ='Week 7'!#REF! -> #REF! | W85: ='Week 8'!#REF! -> #REF! | X85: ='Week 9'!#REF! -> #REF! | Y85: ='Week 10'!#REF! -> #REF! | Z85: ='Week 11'!#REF! -> #REF! | AA85: ='Week 12'!#REF! -> #REF!
C86: - | D86: =IFERROR((D85-C85)/C85,"-") -> - | E86: =IFERROR((E85-D85)/D85,"-") -> - | F86: =IFERROR((F85-E85)/E85,"-") -> - | G86: =IFERROR((G85-F85)/F85,"-") -> - | H86: =IFERROR((H85-G85)/G85,"-") -> - | I86: =IFERROR((I85-H85)/H85,"-") -> - | J86: =IFERROR((J85-I85)/I85,"-") -> - | K86: =IFERROR((K85-J85)/J85,"-") -> - | ... N86: =IFERROR((N85-M85)/M85,"-") -> - | P86: - | Q86: =IFERROR((Q85-P85)/P85,"-") -> - | R86: =IFERROR((R85-Q85)/Q85,"-") -> - | S86: =IFERROR((S85-R85)/R85,"-") -> - | T86: =IFERROR((T85-S85)/S85,"-") -> - | U86: =IFERROR((U85-T85)/T85,"-") -> - | V86: =IFERROR((V85-U85)/U85,"-") -> - | W86: =IFERROR((W85-V85)/V85,"-") -> - | X86: =IFERROR((X85-W85)/W85,"-") -> - | ... AA86: =IFERROR((AA85-Z85)/Z85,"-") -> -
B87: =IF('Workout Setup'!#REF!=0,"",'Workout Setup'!#REF!) -> #REF! | C87: ='Week 1'!#REF! -> #REF! | D87: ='Week 2'!#REF! -> #REF! | E87: ='Week 3'!#REF! -> #REF! | F87: ='Week 4'!#REF! -> #REF! | G87: ='Week 5'!#REF! -> #REF! | H87: ='Week 6'!#REF! -> #REF! | I87: ='Week 7'!#REF! -> #REF! | J87: ='Week 8'!#REF! -> #REF! | K87: ='Week 9'!#REF! -> #REF! | L87: ='Week 10'!#REF! -> #REF! | M87: ='Week 11'!#REF! -> #REF! | N87: ='Week 12'!#REF! -> #REF! | P87: ='Week 1'!#REF! -> #REF! | Q87: ='Week 2'!#REF! -> #REF! | R87: ='Week 3'!#REF! -> #REF! | S87: ='Week 4'!#REF! -> #REF! | T87: ='Week 5'!#REF! -> #REF! | U87: ='Week 6'!#REF! -> #REF! | V87: ='Week 7'!#REF! -> #REF! | W87: ='Week 8'!#REF! -> #REF! | X87: ='Week 9'!#REF! -> #REF! | Y87: ='Week 10'!#REF! -> #REF! | Z87: ='Week 11'!#REF! -> #REF! | AA87: ='Week 12'!#REF! -> #REF!
C88: - | D88: =IFERROR((D87-C87)/C87,"-") -> - | E88: =IFERROR((E87-D87)/D87,"-") -> - | F88: =IFERROR((F87-E87)/E87,"-") -> - | G88: =IFERROR((G87-F87)/F87,"-") -> - | H88: =IFERROR((H87-G87)/G87,"-") -> - | I88: =IFERROR((I87-H87)/H87,"-") -> - | J88: =IFERROR((J87-I87)/I87,"-") -> - | K88: =IFERROR((K87-J87)/J87,"-") -> - | ... N88: =IFERROR((N87-M87)/M87,"-") -> - | P88: - | Q88: =IFERROR((Q87-P87)/P87,"-") -> - | R88: =IFERROR((R87-Q87)/Q87,"-") -> - | S88: =IFERROR((S87-R87)/R87,"-") -> - | T88: =IFERROR((T87-S87)/S87,"-") -> - | U88: =IFERROR((U87-T87)/T87,"-") -> - | V88: =IFERROR((V87-U87)/U87,"-") -> - | W88: =IFERROR((W87-V87)/V87,"-") -> - | X88: =IFERROR((X87-W87)/W87,"-") -> - | ... AA88: =IFERROR((AA87-Z87)/Z87,"-") -> -
B89: =IF('Workout Setup'!#REF!=0,"",'Workout Setup'!#REF!) -> #REF! | C89: ='Week 1'!#REF! -> #REF! | D89: ='Week 2'!#REF! -> #REF! | E89: ='Week 3'!#REF! -> #REF! | F89: ='Week 4'!#REF! -> #REF! | G89: ='Week 5'!#REF! -> #REF! | H89: ='Week 6'!#REF! -> #REF! | I89: ='Week 7'!#REF! -> #REF! | J89: ='Week 8'!#REF! -> #REF! | K89: ='Week 9'!#REF! -> #REF! | L89: ='Week 10'!#REF! -> #REF! | M89: ='Week 11'!#REF! -> #REF! | N89: ='Week 12'!#REF! -> #REF! | P89: ='Week 1'!#REF! -> #REF! | Q89: ='Week 2'!#REF! -> #REF! | R89: ='Week 3'!#REF! -> #REF! | S89: ='Week 4'!#REF! -> #REF! | T89: ='Week 5'!#REF! -> #REF! | U89: ='Week 6'!#REF! -> #REF! | V89: ='Week 7'!#REF! -> #REF! | W89: ='Week 8'!#REF! -> #REF! | X89: ='Week 9'!#REF! -> #REF! | Y89: ='Week 10'!#REF! -> #REF! | Z89: ='Week 11'!#REF! -> #REF! | AA89: ='Week 12'!#REF! -> #REF!
C90: - | D90: =IFERROR((D89-C89)/C89,"-") -> - | E90: =IFERROR((E89-D89)/D89,"-") -> - | F90: =IFERROR((F89-E89)/E89,"-") -> - | G90: =IFERROR((G89-F89)/F89,"-") -> - | H90: =IFERROR((H89-G89)/G89,"-") -> - | I90: =IFERROR((I89-H89)/H89,"-") -> - | J90: =IFERROR((J89-I89)/I89,"-") -> - | K90: =IFERROR((K89-J89)/J89,"-") -> - | ... N90: =IFERROR((N89-M89)/M89,"-") -> - | P90: - | Q90: =IFERROR((Q89-P89)/P89,"-") -> - | R90: =IFERROR((R89-Q89)/Q89,"-") -> - | S90: =IFERROR((S89-R89)/R89,"-") -> - | T90: =IFERROR((T89-S89)/S89,"-") -> - | U90: =IFERROR((U89-T89)/T89,"-") -> - | V90: =IFERROR((V89-U89)/U89,"-") -> - | W90: =IFERROR((W89-V89)/V89,"-") -> - | X90: =IFERROR((X89-W89)/W89,"-") -> - | ... AA90: =IFERROR((AA89-Z89)/Z89,"-") -> -
A93: Day 6 | B93: =IF('Workout Setup'!#REF!=0,"",'Workout Setup'!#REF!) -> #REF! | C93: ='Week 1'!#REF! -> #REF! | D93: ='Week 2'!#REF! -> #REF! | E93: ='Week 3'!#REF! -> #REF! | F93: ='Week 4'!#REF! -> #REF! | G93: ='Week 5'!#REF! -> #REF! | H93: ='Week 6'!#REF! -> #REF! | I93: ='Week 7'!#REF! -> #REF! | J93: ='Week 8'!#REF! -> #REF! | K93: ='Week 9'!#REF! -> #REF! | L93: ='Week 10'!#REF! -> #REF! | M93: ='Week 11'!#REF! -> #REF! | N93: ='Week 12'!#REF! -> #REF! | P93: ='Week 1'!#REF! -> #REF! | Q93: ='Week 2'!#REF! -> #REF! | R93: ='Week 3'!#REF! -> #REF! | S93: ='Week 4'!#REF! -> #REF! | T93: ='Week 5'!#REF! -> #REF! | U93: ='Week 6'!#REF! -> #REF! | V93: ='Week 7'!#REF! -> #REF! | W93: ='Week 8'!#REF! -> #REF! | X93: ='Week 9'!#REF! -> #REF! | Y93: ='Week 10'!#REF! -> #REF! | Z93: ='Week 11'!#REF! -> #REF! | AA93: ='Week 12'!#REF! -> #REF!
C94: - | D94: =IFERROR((D93-C93)/C93,"-") -> - | E94: =IFERROR((E93-D93)/D93,"-") -> - | F94: =IFERROR((F93-E93)/E93,"-") -> - | G94: =IFERROR((G93-F93)/F93,"-") -> - | H94: =IFERROR((H93-G93)/G93,"-") -> - | I94: =IFERROR((I93-H93)/H93,"-") -> - | J94: =IFERROR((J93-I93)/I93,"-") -> - | K94: =IFERROR((K93-J93)/J93,"-") -> - | ... N94: =IFERROR((N93-M93)/M93,"-") -> - | P94: - | Q94: =IFERROR((Q93-P93)/P93,"-") -> - | R94: =IFERROR((R93-Q93)/Q93,"-") -> - | S94: =IFERROR((S93-R93)/R93,"-") -> - | T94: =IFERROR((T93-S93)/S93,"-") -> - | U94: =IFERROR((U93-T93)/T93,"-") -> - | V94: =IFERROR((V93-U93)/U93,"-") -> - | W94: =IFERROR((W93-V93)/V93,"-") -> - | X94: =IFERROR((X93-W93)/W93,"-") -> - | ... AA94: =IFERROR((AA93-Z93)/Z93,"-") -> -
B95: =IF('Workout Setup'!#REF!=0,"",'Workout Setup'!#REF!) -> #REF! | C95: ='Week 1'!#REF! -> #REF! | D95: ='Week 2'!#REF! -> #REF! | E95: ='Week 3'!#REF! -> #REF! | F95: ='Week 4'!#REF! -> #REF! | G95: ='Week 5'!#REF! -> #REF! | H95: ='Week 6'!#REF! -> #REF! | I95: ='Week 7'!#REF! -> #REF! | J95: ='Week 8'!#REF! -> #REF! | K95: ='Week 9'!#REF! -> #REF! | L95: ='Week 10'!#REF! -> #REF! | M95: ='Week 11'!#REF! -> #REF! | N95: ='Week 12'!#REF! -> #REF! | P95: ='Week 1'!#REF! -> #REF! | Q95: ='Week 2'!#REF! -> #REF! | R95: ='Week 3'!#REF! -> #REF! | S95: ='Week 4'!#REF! -> #REF! | T95: ='Week 5'!#REF! -> #REF! | U95: ='Week 6'!#REF! -> #REF! | V95: ='Week 7'!#REF! -> #REF! | W95: ='Week 8'!#REF! -> #REF! | X95: ='Week 9'!#REF! -> #REF! | Y95: ='Week 10'!#REF! -> #REF! | Z95: ='Week 11'!#REF! -> #REF! | AA95: ='Week 12'!#REF! -> #REF!
C96: - | D96: =IFERROR((D95-C95)/C95,"-") -> - | E96: =IFERROR((E95-D95)/D95,"-") -> - | F96: =IFERROR((F95-E95)/E95,"-") -> - | G96: =IFERROR((G95-F95)/F95,"-") -> - | H96: =IFERROR((H95-G95)/G95,"-") -> - | I96: =IFERROR((I95-H95)/H95,"-") -> - | J96: =IFERROR((J95-I95)/I95,"-") -> - | K96: =IFERROR((K95-J95)/J95,"-") -> - | ... N96: =IFERROR((N95-M95)/M95,"-") -> - | P96: - | Q96: =IFERROR((Q95-P95)/P95,"-") -> - | R96: =IFERROR((R95-Q95)/Q95,"-") -> - | S96: =IFERROR((S95-R95)/R95,"-") -> - | T96: =IFERROR((T95-S95)/S95,"-") -> - | U96: =IFERROR((U95-T95)/T95,"-") -> - | V96: =IFERROR((V95-U95)/U95,"-") -> - | W96: =IFERROR((W95-V95)/V95,"-") -> - | X96: =IFERROR((X95-W95)/W95,"-") -> - | ... AA96: =IFERROR((AA95-Z95)/Z95,"-") -> -
B97: =IF('Workout Setup'!#REF!=0,"",'Workout Setup'!#REF!) -> #REF! | C97: ='Week 1'!#REF! -> #REF! | D97: ='Week 2'!#REF! -> #REF! | E97: ='Week 3'!#REF! -> #REF! | F97: ='Week 4'!#REF! -> #REF! | G97: ='Week 5'!#REF! -> #REF! | H97: ='Week 6'!#REF! -> #REF! | I97: ='Week 7'!#REF! -> #REF! | J97: ='Week 8'!#REF! -> #REF! | K97: ='Week 9'!#REF! -> #REF! | L97: ='Week 10'!#REF! -> #REF! | M97: ='Week 11'!#REF! -> #REF! | N97: ='Week 12'!#REF! -> #REF! | P97: ='Week 1'!#REF! -> #REF! | Q97: ='Week 2'!#REF! -> #REF! | R97: ='Week 3'!#REF! -> #REF! | S97: ='Week 4'!#REF! -> #REF! | T97: ='Week 5'!#REF! -> #REF! | U97: ='Week 6'!#REF! -> #REF! | V97: ='Week 7'!#REF! -> #REF! | W97: ='Week 8'!#REF! -> #REF! | X97: ='Week 9'!#REF! -> #REF! | Y97: ='Week 10'!#REF! -> #REF! | Z97: ='Week 11'!#REF! -> #REF! | AA97: ='Week 12'!#REF! -> #REF!
C98: - | D98: =IFERROR((D97-C97)/C97,"-") -> - | E98: =IFERROR((E97-D97)/D97,"-") -> - | F98: =IFERROR((F97-E97)/E97,"-") -> - | G98: =IFERROR((G97-F97)/F97,"-") -> - | H98: =IFERROR((H97-G97)/G97,"-") -> - | I98: =IFERROR((I97-H97)/H97,"-") -> - | J98: =IFERROR((J97-I97)/I97,"-") -> - | K98: =IFERROR((K97-J97)/J97,"-") -> - | ... N98: =IFERROR((N97-M97)/M97,"-") -> - | P98: - | Q98: =IFERROR((Q97-P97)/P97,"-") -> - | R98: =IFERROR((R97-Q97)/Q97,"-") -> - | S98: =IFERROR((S97-R97)/R97,"-") -> - | T98: =IFERROR((T97-S97)/S97,"-") -> - | U98: =IFERROR((U97-T97)/T97,"-") -> - | V98: =IFERROR((V97-U97)/U97,"-") -> - | W98: =IFERROR((W97-V97)/V97,"-") -> - | X98: =IFERROR((X97-W97)/W97,"-") -> - | ... AA98: =IFERROR((AA97-Z97)/Z97,"-") -> -
B99: =IF('Workout Setup'!#REF!=0,"",'Workout Setup'!#REF!) -> #REF! | C99: ='Week 1'!#REF! -> #REF! | D99: ='Week 2'!#REF! -> #REF! | E99: ='Week 3'!#REF! -> #REF! | F99: ='Week 4'!#REF! -> #REF! | G99: ='Week 5'!#REF! -> #REF! | H99: ='Week 6'!#REF! -> #REF! | I99: ='Week 7'!#REF! -> #REF! | J99: ='Week 8'!#REF! -> #REF! | K99: ='Week 9'!#REF! -> #REF! | L99: ='Week 10'!#REF! -> #REF! | M99: ='Week 11'!#REF! -> #REF! | N99: ='Week 12'!#REF! -> #REF! | P99: ='Week 1'!#REF! -> #REF! | Q99: ='Week 2'!#REF! -> #REF! | R99: ='Week 3'!#REF! -> #REF! | S99: ='Week 4'!#REF! -> #REF! | T99: ='Week 5'!#REF! -> #REF! | U99: ='Week 6'!#REF! -> #REF! | V99: ='Week 7'!#REF! -> #REF! | W99: ='Week 8'!#REF! -> #REF! | X99: ='Week 9'!#REF! -> #REF! | Y99: ='Week 10'!#REF! -> #REF! | Z99: ='Week 11'!#REF! -> #REF! | AA99: ='Week 12'!#REF! -> #REF!
C100: - | D100: =IFERROR((D99-C99)/C99,"-") -> - | E100: =IFERROR((E99-D99)/D99,"-") -> - | F100: =IFERROR((F99-E99)/E99,"-") -> - | G100: =IFERROR((G99-F99)/F99,"-") -> - | H100: =IFERROR((H99-G99)/G99,"-") -> - | I100: =IFERROR((I99-H99)/H99,"-") -> - | J100: =IFERROR((J99-I99)/I99,"-") -> - | K100: =IFERROR((K99-J99)/J99,"-") -> - | ... N100: =IFERROR((N99-M99)/M99,"-") -> - | P100: - | Q100: =IFERROR((Q99-P99)/P99,"-") -> - | R100: =IFERROR((R99-Q99)/Q99,"-") -> - | S100: =IFERROR((S99-R99)/R99,"-") -> - | T100: =IFERROR((T99-S99)/S99,"-") -> - | U100: =IFERROR((U99-T99)/T99,"-") -> - | V100: =IFERROR((V99-U99)/U99,"-") -> - | W100: =IFERROR((W99-V99)/V99,"-") -> - | X100: =IFERROR((X99-W99)/W99,"-") -> - | ... AA100: =IFERROR((AA99-Z99)/Z99,"-") -> -
B101: =IF('Workout Setup'!#REF!=0,"",'Workout Setup'!#REF!) -> #REF! | C101: ='Week 1'!#REF! -> #REF! | D101: ='Week 2'!#REF! -> #REF! | E101: ='Week 3'!#REF! -> #REF! | F101: ='Week 4'!#REF! -> #REF! | G101: ='Week 5'!#REF! -> #REF! | H101: ='Week 6'!#REF! -> #REF! | I101: ='Week 7'!#REF! -> #REF! | J101: ='Week 8'!#REF! -> #REF! | K101: ='Week 9'!#REF! -> #REF! | L101: ='Week 10'!#REF! -> #REF! | M101: ='Week 11'!#REF! -> #REF! | N101: ='Week 12'!#REF! -> #REF! | P101: ='Week 1'!#REF! -> #REF! | Q101: ='Week 2'!#REF! -> #REF! | R101: ='Week 3'!#REF! -> #REF! | S101: ='Week 4'!#REF! -> #REF! | T101: ='Week 5'!#REF! -> #REF! | U101: ='Week 6'!#REF! -> #REF! | V101: ='Week 7'!#REF! -> #REF! | W101: ='Week 8'!#REF! -> #REF! | X101: ='Week 9'!#REF! -> #REF! | Y101: ='Week 10'!#REF! -> #REF! | Z101: ='Week 11'!#REF! -> #REF! | AA101: ='Week 12'!#REF! -> #REF!
C102: - | D102: =IFERROR((D101-C101)/C101,"-") -> - | E102: =IFERROR((E101-D101)/D101,"-") -> - | F102: =IFERROR((F101-E101)/E101,"-") -> - | G102: =IFERROR((G101-F101)/F101,"-") -> - | H102: =IFERROR((H101-G101)/G101,"-") -> - | I102: =IFERROR((I101-H101)/H101,"-") -> - | J102: =IFERROR((J101-I101)/I101,"-") -> - | K102: =IFERROR((K101-J101)/J101,"-") -> - | ... N102: =IFERROR((N101-M101)/M101,"-") -> - | P102: - | Q102: =IFERROR((Q101-P101)/P101,"-") -> - | R102: =IFERROR((R101-Q101)/Q101,"-") -> - | S102: =IFERROR((S101-R101)/R101,"-") -> - | T102: =IFERROR((T101-S101)/S101,"-") -> - | U102: =IFERROR((U101-T101)/T101,"-") -> - | V102: =IFERROR((V101-U101)/U101,"-") -> - | W102: =IFERROR((W101-V101)/V101,"-") -> - | X102: =IFERROR((X101-W101)/W101,"-") -> - | ... AA102: =IFERROR((AA101-Z101)/Z101,"-") -> -
B103: =IF('Workout Setup'!#REF!=0,"",'Workout Setup'!#REF!) -> #REF! | C103: ='Week 1'!#REF! -> #REF! | D103: ='Week 2'!#REF! -> #REF! | E103: ='Week 3'!#REF! -> #REF! | F103: ='Week 4'!#REF! -> #REF! | G103: ='Week 5'!#REF! -> #REF! | H103: ='Week 6'!#REF! -> #REF! | I103: ='Week 7'!#REF! -> #REF! | J103: ='Week 8'!#REF! -> #REF! | K103: ='Week 9'!#REF! -> #REF! | L103: ='Week 10'!#REF! -> #REF! | M103: ='Week 11'!#REF! -> #REF! | N103: ='Week 12'!#REF! -> #REF! | P103: ='Week 1'!#REF! -> #REF! | Q103: ='Week 2'!#REF! -> #REF! | R103: ='Week 3'!#REF! -> #REF! | S103: ='Week 4'!#REF! -> #REF! | T103: ='Week 5'!#REF! -> #REF! | U103: ='Week 6'!#REF! -> #REF! | V103: ='Week 7'!#REF! -> #REF! | W103: ='Week 8'!#REF! -> #REF! | X103: ='Week 9'!#REF! -> #REF! | Y103: ='Week 10'!#REF! -> #REF! | Z103: ='Week 11'!#REF! -> #REF! | AA103: ='Week 12'!#REF! -> #REF!
C104: - | D104: =IFERROR((D103-C103)/C103,"-") -> - | E104: =IFERROR((E103-D103)/D103,"-") -> - | F104: =IFERROR((F103-E103)/E103,"-") -> - | G104: =IFERROR((G103-F103)/F103,"-") -> - | H104: =IFERROR((H103-G103)/G103,"-") -> - | I104: =IFERROR((I103-H103)/H103,"-") -> - | J104: =IFERROR((J103-I103)/I103,"-") -> - | K104: =IFERROR((K103-J103)/J103,"-") -> - | ... N104: =IFERROR((N103-M103)/M103,"-") -> - | P104: - | Q104: =IFERROR((Q103-P103)/P103,"-") -> - | R104: =IFERROR((R103-Q103)/Q103,"-") -> - | S104: =IFERROR((S103-R103)/R103,"-") -> - | T104: =IFERROR((T103-S103)/S103,"-") -> - | U104: =IFERROR((U103-T103)/T103,"-") -> - | V104: =IFERROR((V103-U103)/U103,"-") -> - | W104: =IFERROR((W103-V103)/V103,"-") -> - | X104: =IFERROR((X103-W103)/W103,"-") -> - | ... AA104: =IFERROR((AA103-Z103)/Z103,"-") -> -
B105: =IF('Workout Setup'!#REF!=0,"",'Workout Setup'!#REF!) -> #REF! | C105: ='Week 1'!#REF! -> #REF! | D105: ='Week 2'!#REF! -> #REF! | E105: ='Week 3'!#REF! -> #REF! | F105: ='Week 4'!#REF! -> #REF! | G105: ='Week 5'!#REF! -> #REF! | H105: ='Week 6'!#REF! -> #REF! | I105: ='Week 7'!#REF! -> #REF! | J105: ='Week 8'!#REF! -> #REF! | K105: ='Week 9'!#REF! -> #REF! | L105: ='Week 10'!#REF! -> #REF! | M105: ='Week 11'!#REF! -> #REF! | N105: ='Week 12'!#REF! -> #REF! | P105: ='Week 1'!#REF! -> #REF! | Q105: ='Week 2'!#REF! -> #REF! | R105: ='Week 3'!#REF! -> #REF! | S105: ='Week 4'!#REF! -> #REF! | T105: ='Week 5'!#REF! -> #REF! | U105: ='Week 6'!#REF! -> #REF! | V105: ='Week 7'!#REF! -> #REF! | W105: ='Week 8'!#REF! -> #REF! | X105: ='Week 9'!#REF! -> #REF! | Y105: ='Week 10'!#REF! -> #REF! | Z105: ='Week 11'!#REF! -> #REF! | AA105: ='Week 12'!#REF! -> #REF!
C106: - | D106: =IFERROR((D105-C105)/C105,"-") -> - | E106: =IFERROR((E105-D105)/D105,"-") -> - | F106: =IFERROR((F105-E105)/E105,"-") -> - | G106: =IFERROR((G105-F105)/F105,"-") -> - | H106: =IFERROR((H105-G105)/G105,"-") -> - | I106: =IFERROR((I105-H105)/H105,"-") -> - | J106: =IFERROR((J105-I105)/I105,"-") -> - | K106: =IFERROR((K105-J105)/J105,"-") -> - | ... N106: =IFERROR((N105-M105)/M105,"-") -> - | P106: - | Q106: =IFERROR((Q105-P105)/P105,"-") -> - | R106: =IFERROR((R105-Q105)/Q105,"-") -> - | S106: =IFERROR((S105-R105)/R105,"-") -> - | T106: =IFERROR((T105-S105)/S105,"-") -> - | U106: =IFERROR((U105-T105)/T105,"-") -> - | V106: =IFERROR((V105-U105)/U105,"-") -> - | W106: =IFERROR((W105-V105)/V105,"-") -> - | X106: =IFERROR((X105-W105)/W105,"-") -> - | ... AA106: =IFERROR((AA105-Z105)/Z105,"-") -> -
B107: =IF('Workout Setup'!#REF!=0,"",'Workout Setup'!#REF!) -> #REF! | C107: ='Week 1'!#REF! -> #REF! | D107: ='Week 2'!#REF! -> #REF! | E107: ='Week 3'!#REF! -> #REF! | F107: ='Week 4'!#REF! -> #REF! | G107: ='Week 5'!#REF! -> #REF! | H107: ='Week 6'!#REF! -> #REF! | I107: ='Week 7'!#REF! -> #REF! | J107: ='Week 8'!#REF! -> #REF! | K107: ='Week 9'!#REF! -> #REF! | L107: ='Week 10'!#REF! -> #REF! | M107: ='Week 11'!#REF! -> #REF! | N107: ='Week 12'!#REF! -> #REF! | P107: ='Week 1'!#REF! -> #REF! | Q107: ='Week 2'!#REF! -> #REF! | R107: ='Week 3'!#REF! -> #REF! | S107: ='Week 4'!#REF! -> #REF! | T107: ='Week 5'!#REF! -> #REF! | U107: ='Week 6'!#REF! -> #REF! | V107: ='Week 7'!#REF! -> #REF! | W107: ='Week 8'!#REF! -> #REF! | X107: ='Week 9'!#REF! -> #REF! | Y107: ='Week 10'!#REF! -> #REF! | Z107: ='Week 11'!#REF! -> #REF! | AA107: ='Week 12'!#REF! -> #REF!
C108: - | D108: =IFERROR((D107-C107)/C107,"-") -> - | E108: =IFERROR((E107-D107)/D107,"-") -> - | F108: =IFERROR((F107-E107)/E107,"-") -> - | G108: =IFERROR((G107-F107)/F107,"-") -> - | H108: =IFERROR((H107-G107)/G107,"-") -> - | I108: =IFERROR((I107-H107)/H107,"-") -> - | J108: =IFERROR((J107-I107)/I107,"-") -> - | K108: =IFERROR((K107-J107)/J107,"-") -> - | ... N108: =IFERROR((N107-M107)/M107,"-") -> - | P108: - | Q108: =IFERROR((Q107-P107)/P107,"-") -> - | R108: =IFERROR((R107-Q107)/Q107,"-") -> - | S108: =IFERROR((S107-R107)/R107,"-") -> - | T108: =IFERROR((T107-S107)/S107,"-") -> - | U108: =IFERROR((U107-T107)/T107,"-") -> - | V108: =IFERROR((V107-U107)/U107,"-") -> - | W108: =IFERROR((W107-V107)/V107,"-") -> - | X108: =IFERROR((X107-W107)/W107,"-") -> - | ... AA108: =IFERROR((AA107-Z107)/Z107,"-") -> -

Sheet Workout Setup
A1: Day 1 | B1: Muscle Group | C1: Exercise | D1: Sets | E1: Reps | F1: Rest (Seconds) | G1: Weight | H1: Note
B2: Glutes_Hamstrings | C2: Barbell Glute Bridge | D2: 3 | E2: 8 - 12 | F2: 30
B3: Glutes_Hamstrings | C3: Barbell Hip Thrust | D3: 3 | E3: 8 - 12 | F3: 30
B4: Glutes_Hamstrings | C4: Cable One-Legged Kickback | D4: 3 | E4: 8 - 12 | F4: 30
B5: Quadriceps | C5: Barbell Squat | D5: 3 | E5: 8 - 12 | F5: 30
B6: Quadriceps | C6: Machine Laying Leg Press | D6: 3 | E6: 8 - 12 | F6: 30
B7: Quadriceps | C7: Body Weight Bulgarian Split-Squat | D7: 3 | E7: 8 - 12 | F7: 30
B8: Calves | C8: Dumbbell Calf Raise | D8: 3 | E8: 15 - 20 | F8: 30
B9: Quadriceps | C9: Machine Calf Raise | D9: 3 | E9: 15 - 20 | F9: 30
A12: Day 2 | B12: Muscle Group | C12: Exercise | D12: Sets | E12: Reps | F12: Rest (Seconds) | G12: Weight | H12: Note
B13: Back | C13: Cable Narrow-Grip Lat Pull-Down | D13: 3 | E13: 8 - 12 | F13: 30
B14: Back | C14: Cable Wide-Grip Lat Pull-Down | D14: 3 | E14: 8 - 12 | F14: 30
B15: Back | C15: Machine Back Extension | D15: 3 | E15: 8 - 12 | F15: 30
B16: Triceps | C16: Body Weight Bench Dip | D16: 3 | E16: 8 - 12 | F16: 30
B17: Triceps | C17: Cable Overhead Triceps Extension | D17: 3 | E17: 8 - 12 | F17: 30
B18: Triceps | C18: Machine Triceps Extension | D18: 3 | E18: 8 - 12 | F18: 30
B19: Abs | C19: Body Weight Hanging Leg Raise | D19: 3 | E19: 15 - 20 | F19: 30
B20: Abs | C20: Body Weight Ab Crunch | D20: 3 | E20: 15 - 20 | F20: 30
A23: Day 3 | B23: Muscle Group | C23: Exercise | D23: Sets | E23: Reps | F23: Rest (Seconds) | G23: Weight | H23: Note
B24: Biceps | C24: Dumbbell Hammer Biceps Curl | D24: 3 | E24: 8 - 12 | F24: 30
B25: Biceps | C25: Dumbbell Incline Bench Biceps Curl | D25: 3 | E25: 8 - 12 | F25: 30
B26: Biceps | C26: Barbell Preacher Biceps Curl | D26: 3 | E26: 8 - 12 | F26: 30
B27: Shoulders | C27: Dumbbell Side Lateral Raise | D27: 3 | E27: 8 - 12 | F27: 30
B28: Shoulders | C28: Dumbbell Seated Shoulder Press | D28: 3 | E28: 8 - 12 | F28: 30
B29: Shoulders | C29: Dumbbell Front Raise | D29: 3 | E29: 8 - 12 | F29: 30
B30: Chest | C30: Machine Chest Press | D30: 3 | E30: 8 - 12 | F30: 30
B31: Chest | C31: Weighted Dip (Chest Variation) | D31: 3 | E31: 8 - 12 | F31: 30
A34: Day 4 | B34: Muscle Group | C34: Exercise | D34: Sets | E34: Reps | F34: Rest (Seconds) | G34: Weight | H34: Note
B35: Glutes_Hamstrings | C35: Banded Leg Extension | D35: 3 | E35: 20 - 25 | F35: 30
B36: Quadriceps | C36: Dumbbell Goblet Squat | D36: 3 | E36: 8 - 10 | F36: 30
B37: Quadriceps | C37: Hip Ab/Adduction (Pulse) | D37: 3 | E37: 6 - 8 | F37: 30
B38: Other | C38: ITB release via Foam roller | D38: 3 | E38: 8 - 12 | F38: 30
B39: Other | C39: TFL release via Trigger ball | D39: 3 | E39: 8 - 12 | F39: 30
B40: Calves | C40: Single Leg Seated Calf Raise | D40: 3 | E40: 12 - 15 | F40: 30
B41: Calves | C41: Machine Calf Raise | D41: 3 | E41: 12 - 15 | F41: 30
B42: Glutes_Hamstrings | C42: Double Leg Hamstring Bridge | D42: 3 | E42: 15 - 20 | F42: 30

Sheet Week 1
A1: Day 1 | B1: Muscle Group | C1: Exercise | D1: Sets | E1: Reps | F1: Rest (Seconds) | G1: Weight | H1: Total Reps | I1: Volume | J1: Note
B2: =IF('Workout Setup'!B2=0,"",'Workout Setup'!B2) -> Glutes_Hamstrings | C2: =IF('Workout Setup'!C2=0,"",'Workout Setup'!C2) -> Barbell Glute Bridge | D2: =IF('Workout Setup'!D2=0,"",'Workout Setup'!D2) -> 3 | E2: =IF('Workout Setup'!E2=0,"",'Workout Setup'!E2) -> 8 - 12 | F2: =IF('Workout Setup'!F2=0,"",'Workout Setup'!F2) -> 30 | G2: ='Workout Setup'!G2 -> 0 | I2: =IF(H2*G2=0,"",H2*G2) | J2: =IF('Workout Setup'!H2=0,"",'Workout Setup'!H2)
B3: =IF('Workout Setup'!B3=0,"",'Workout Setup'!B3) -> Glutes_Hamstrings | C3: =IF('Workout Setup'!C3=0,"",'Workout Setup'!C3) -> Barbell Hip Thrust | D3: =IF('Workout Setup'!D3=0,"",'Workout Setup'!D3) -> 3 | E3: =IF('Workout Setup'!E3=0,"",'Workout Setup'!E3) -> 8 - 12 | F3: =IF('Workout Setup'!F3=0,"",'Workout Setup'!F3) -> 30 | G3: ='Workout Setup'!G3 -> 0 | I3: =IF(H3*G3=0,"",H3*G3) | J3: =IF('Workout Setup'!H3=0,"",'Workout Setup'!H3)
B4: =IF('Workout Setup'!B4=0,"",'Workout Setup'!B4) -> Glutes_Hamstrings | C4: =IF('Workout Setup'!C4=0,"",'Workout Setup'!C4) -> Cable One-Legged Kickback | D4: =IF('Workout Setup'!D4=0,"",'Workout Setup'!D4) -> 3 | E4: =IF('Workout Setup'!E4=0,"",'Workout Setup'!E4) -> 8 - 12 | F4: =IF('Workout Setup'!F4=0,"",'Workout Setup'!F4) -> 30 | G4: ='Workout Setup'!G4 -> 0 | I4: =IF(H4*G4=0,"",H4*G4) | J4: =IF('Workout Setup'!H4=0,"",'Workout Setup'!H4)
B5: =IF('Workout Setup'!B5=0,"",'Workout Setup'!B5) -> Quadriceps | C5: =IF('Workout Setup'!C5=0,"",'Workout Setup'!C5) -> Barbell Squat | D5: =IF('Workout Setup'!D5=0,"",'Workout Setup'!D5) -> 3 | E5: =IF('Workout Setup'!E5=0,"",'Workout Setup'!E5) -> 8 - 12 | F5: =IF('Workout Setup'!F5=0,"",'Workout Setup'!F5) -> 30 | G5: ='Workout Setup'!G5 -> 0 | I5: =IF(H5*G5=0,"",H5*G5) | J5: =IF('Workout Setup'!H5=0,"",'Workout Setup'!H5)
B6: =IF('Workout Setup'!B6=0,"",'Workout Setup'!B6) -> Quadriceps | C6: =IF('Workout Setup'!C6=0,"",'Workout Setup'!C6) -> Machine Laying Leg Press | D6: =IF('Workout Setup'!D6=0,"",'Workout Setup'!D6) -> 3 | E6: =IF('Workout Setup'!E6=0,"",'Workout Setup'!E6) -> 8 - 12 | F6: =IF('Workout Setup'!F6=0,"",'Workout Setup'!F6) -> 30 | G6: ='Workout Setup'!G6 -> 0 | I6: =IF(H6*G6=0,"",H6*G6) | J6: =IF('Workout Setup'!H6=0,"",'Workout Setup'!H6)
B7: =IF('Workout Setup'!B7=0,"",'Workout Setup'!B7) -> Quadriceps | C7: =IF('Workout Setup'!C7=0,"",'Workout Setup'!C7) -> Body Weight Bulgarian Split-Squat | D7: =IF('Workout Setup'!D7=0,"",'Workout Setup'!D7) -> 3 | E7: =IF('Workout Setup'!E7=0,"",'Workout Setup'!E7) -> 8 - 12 | F7: =IF('Workout Setup'!F7=0,"",'Workout Setup'!F7) -> 30 | G7: ='Workout Setup'!G7 -> 0 | I7: =IF(H7*G7=0,"",H7*G7) | J7: =IF('Workout Setup'!H7=0,"",'Workout Setup'!H7)
B8: =IF('Workout Setup'!B8=0,"",'Workout Setup'!B8) -> Calves | C8: =IF('Workout Setup'!C8=0,"",'Workout Setup'!C8) -> Dumbbell Calf Raise | D8: =IF('Workout Setup'!D8=0,"",'Workout Setup'!D8) -> 3 | E8: =IF('Workout Setup'!E8=0,"",'Workout Setup'!E8) -> 15 - 20 | F8: =IF('Workout Setup'!F8=0,"",'Workout Setup'!F8) -> 30 | G8: ='Workout Setup'!G8 -> 0 | I8: =IF(H8*G8=0,"",H8*G8) | J8: =IF('Workout Setup'!H8=0,"",'Workout Setup'!H8)
B9: =IF('Workout Setup'!B9=0,"",'Workout Setup'!B9) -> Quadriceps | C9: =IF('Workout Setup'!C9=0,"",'Workout Setup'!C9) -> Machine Calf Raise | D9: =IF('Workout Setup'!D9=0,"",'Workout Setup'!D9) -> 3 | E9: =IF('Workout Setup'!E9=0,"",'Workout Setup'!E9) -> 15 - 20 | F9: =IF('Workout Setup'!F9=0,"",'Workout Setup'!F9) -> 30 | G9: ='Workout Setup'!G9 -> 0 | I9: =IF(H9*G9=0,"",H9*G9) | J9: =IF('Workout Setup'!H9=0,"",'Workout Setup'!H9)
A12: Day 2 | B12: Muscle Group | C12: Exercise | D12: Sets | E12: Reps | F12: Rest (Seconds) | G12: Weight | H12: Total Reps | I12: Volume | J12: Note
B13: =IF('Workout Setup'!B13=0,"",'Workout Setup'!B13) -> Back | C13: =IF('Workout Setup'!C13=0,"",'Workout Setup'!C13) -> Cable Narrow-Grip Lat Pull-Down | D13: =IF('Workout Setup'!D13=0,"",'Workout Setup'!D13) -> 3 | E13: =IF('Workout Setup'!E13=0,"",'Workout Setup'!E13) -> 8 - 12 | F13: =IF('Workout Setup'!F13=0,"",'Workout Setup'!F13) -> 30 | G13: ='Workout Setup'!G13 -> 0 | I13: =IF(H13*G13=0,"",H13*G13) | J13: =IF('Workout Setup'!H13=0,"",'Workout Setup'!H13)
B14: =IF('Workout Setup'!B14=0,"",'Workout Setup'!B14) -> Back | C14: =IF('Workout Setup'!C14=0,"",'Workout Setup'!C14) -> Cable Wide-Grip Lat Pull-Down | D14: =IF('Workout Setup'!D14=0,"",'Workout Setup'!D14) -> 3 | E14: =IF('Workout Setup'!E14=0,"",'Workout Setup'!E14) -> 8 - 12 | F14: =IF('Workout Setup'!F14=0,"",'Workout Setup'!F14) -> 30 | G14: ='Workout Setup'!G14 -> 0 | I14: =IF(H14*G14=0,"",H14*G14) | J14: =IF('Workout Setup'!H14=0,"",'Workout Setup'!H14)
B15: =IF('Workout Setup'!B15=0,"",'Workout Setup'!B15) -> Back | C15: =IF('Workout Setup'!C15=0,"",'Workout Setup'!C15) -> Machine Back Extension | D15: =IF('Workout Setup'!D15=0,"",'Workout Setup'!D15) -> 3 | E15: =IF('Workout Setup'!E15=0,"",'Workout Setup'!E15) -> 8 - 12 | F15: =IF('Workout Setup'!F15=0,"",'Workout Setup'!F15) -> 30 | G15: ='Workout Setup'!G15 -> 0 | I15: =IF(H15*G15=0,"",H15*G15) | J15: =IF('Workout Setup'!H15=0,"",'Workout Setup'!H15)
B16: =IF('Workout Setup'!B16=0,"",'Workout Setup'!B16) -> Triceps | C16: =IF('Workout Setup'!C16=0,"",'Workout Setup'!C16) -> Body Weight Bench Dip | D16: =IF('Workout Setup'!D16=0,"",'Workout Setup'!D16) -> 3 | E16: =IF('Workout Setup'!E16=0,"",'Workout Setup'!E16) -> 8 - 12 | F16: =IF('Workout Setup'!F16=0,"",'Workout Setup'!F16) -> 30 | G16: ='Workout Setup'!G16 -> 0 | I16: =IF(H16*G16=0,"",H16*G16) | J16: =IF('Workout Setup'!H16=0,"",'Workout Setup'!H16)
B17: =IF('Workout Setup'!B17=0,"",'Workout Setup'!B17) -> Triceps | C17: =IF('Workout Setup'!C17=0,"",'Workout Setup'!C17) -> Cable Overhead Triceps Extension | D17: =IF('Workout Setup'!D17=0,"",'Workout Setup'!D17) -> 3 | E17: =IF('Workout Setup'!E17=0,"",'Workout Setup'!E17) -> 8 - 12 | F17: =IF('Workout Setup'!F17=0,"",'Workout Setup'!F17) -> 30 | G17: ='Workout Setup'!G17 -> 0 | I17: =IF(H17*G17=0,"",H17*G17) | J17: =IF('Workout Setup'!H17=0,"",'Workout Setup'!H17)
B18: =IF('Workout Setup'!B18=0,"",'Workout Setup'!B18) -> Triceps | C18: =IF('Workout Setup'!C18=0,"",'Workout Setup'!C18) -> Machine Triceps Extension | D18: =IF('Workout Setup'!D18=0,"",'Workout Setup'!D18) -> 3 | E18: =IF('Workout Setup'!E18=0,"",'Workout Setup'!E18) -> 8 - 12 | F18: =IF('Workout Setup'!F18=0,"",'Workout Setup'!F18) -> 30 | G18: ='Workout Setup'!G18 -> 0 | I18: =IF(H18*G18=0,"",H18*G18) | J18: =IF('Workout Setup'!H18=0,"",'Workout Setup'!H18)
B19: =IF('Workout Setup'!B19=0,"",'Workout Setup'!B19) -> Abs | C19: =IF('Workout Setup'!C19=0,"",'Workout Setup'!C19) -> Body Weight Hanging Leg Raise | D19: =IF('Workout Setup'!D19=0,"",'Workout Setup'!D19) -> 3 | E19: =IF('Workout Setup'!E19=0,"",'Workout Setup'!E19) -> 15 - 20 | F19: =IF('Workout Setup'!F19=0,"",'Workout Setup'!F19) -> 30 | G19: ='Workout Setup'!G19 -> 0 | I19: =IF(H19*G19=0,"",H19*G19) | J19: =IF('Workout Setup'!H19=0,"",'Workout Setup'!H19)
B20: =IF('Workout Setup'!B20=0,"",'Workout Setup'!B20) -> Abs | C20: =IF('Workout Setup'!C20=0,"",'Workout Setup'!C20) -> Body Weight Ab Crunch | D20: =IF('Workout Setup'!D20=0,"",'Workout Setup'!D20) -> 3 | E20: =IF('Workout Setup'!E20=0,"",'Workout Setup'!E20) -> 15 - 20 | F20: =IF('Workout Setup'!F20=0,"",'Workout Setup'!F20) -> 30 | G20: ='Workout Setup'!G20 -> 0 | I20: =IF(H20*G20=0,"",H20*G20) | J20: =IF('Workout Setup'!H20=0,"",'Workout Setup'!H20)
A23: Day 3 | B23: Muscle Group | C23: Exercise | D23: Sets | E23: Reps | F23: Rest (Seconds) | G23: Weight | H23: Total Reps | I23: Volume | J23: Note
B24: =IF('Workout Setup'!B24=0,"",'Workout Setup'!B24) -> Biceps | C24: =IF('Workout Setup'!C24=0,"",'Workout Setup'!C24) -> Dumbbell Hammer Biceps Curl | D24: =IF('Workout Setup'!D24=0,"",'Workout Setup'!D24) -> 3 | E24: =IF('Workout Setup'!E24=0,"",'Workout Setup'!E24) -> 8 - 12 | F24: =IF('Workout Setup'!F24=0,"",'Workout Setup'!F24) -> 30 | G24: ='Workout Setup'!G24 -> 0 | I24: =IF(H24*G24=0,"",H24*G24) | J24: =IF('Workout Setup'!H24=0,"",'Workout Setup'!H24)
B25: =IF('Workout Setup'!B25=0,"",'Workout Setup'!B25) -> Biceps | C25: =IF('Workout Setup'!C25=0,"",'Workout Setup'!C25) -> Dumbbell Incline Bench Biceps Curl | D25: =IF('Workout Setup'!D25=0,"",'Workout Setup'!D25) -> 3 | E25: =IF('Workout Setup'!E25=0,"",'Workout Setup'!E25) -> 8 - 12 | F25: =IF('Workout Setup'!F25=0,"",'Workout Setup'!F25) -> 30 | G25: ='Workout Setup'!G25 -> 0 | I25: =IF(H25*G25=0,"",H25*G25) | J25: =IF('Workout Setup'!H25=0,"",'Workout Setup'!H25)
B26: =IF('Workout Setup'!B26=0,"",'Workout Setup'!B26) -> Biceps | C26: =IF('Workout Setup'!C26=0,"",'Workout Setup'!C26) -> Barbell Preacher Biceps Curl | D26: =IF('Workout Setup'!D26=0,"",'Workout Setup'!D26) -> 3 | E26: =IF('Workout Setup'!E26=0,"",'Workout Setup'!E26) -> 8 - 12 | F26: =IF('Workout Setup'!F26=0,"",'Workout Setup'!F26) -> 30 | G26: ='Workout Setup'!G26 -> 0 | I26: =IF(H26*G26=0,"",H26*G26) | J26: =IF('Workout Setup'!H26=0,"",'Workout Setup'!H26)
B27: =IF('Workout Setup'!B27=0,"",'Workout Setup'!B27) -> Shoulders | C27: =IF('Workout Setup'!C27=0,"",'Workout Setup'!C27) -> Dumbbell Side Lateral Raise | D27: =IF('Workout Setup'!D27=0,"",'Workout Setup'!D27) -> 3 | E27: =IF('Workout Setup'!E27=0,"",'Workout Setup'!E27) -> 8 - 12 | F27: =IF('Workout Setup'!F27=0,"",'Workout Setup'!F27) -> 30 | G27: ='Workout Setup'!G27 -> 0 | I27: =IF(H27*G27=0,"",H27*G27) | J27: =IF('Workout Setup'!H27=0,"",'Workout Setup'!H27)
B28: =IF('Workout Setup'!B28=0,"",'Workout Setup'!B28) -> Shoulders | C28: =IF('Workout Setup'!C28=0,"",'Workout Setup'!C28) -> Dumbbell Seated Shoulder Press | D28: =IF('Workout Setup'!D28=0,"",'Workout Setup'!D28) -> 3 | E28: =IF('Workout Setup'!E28=0,"",'Workout Setup'!E28) -> 8 - 12 | F28: =IF('Workout Setup'!F28=0,"",'Workout Setup'!F28) -> 30 | G28: ='Workout Setup'!G28 -> 0 | I28: =IF(H28*G28=0,"",H28*G28) | J28: =IF('Workout Setup'!H28=0,"",'Workout Setup'!H28)
B29: =IF('Workout Setup'!B29=0,"",'Workout Setup'!B29) -> Shoulders | C29: =IF('Workout Setup'!C29=0,"",'Workout Setup'!C29) -> Dumbbell Front Raise | D29: =IF('Workout Setup'!D29=0,"",'Workout Setup'!D29) -> 3 | E29: =IF('Workout Setup'!E29=0,"",'Workout Setup'!E29) -> 8 - 12 | F29: =IF('Workout Setup'!F29=0,"",'Workout Setup'!F29) -> 30 | G29: ='Workout Setup'!G29 -> 0 | I29: =IF(H29*G29=0,"",H29*G29) | J29: =IF('Workout Setup'!H29=0,"",'Workout Setup'!H29)
B30: =IF('Workout Setup'!B30=0,"",'Workout Setup'!B30) -> Chest | C30: =IF('Workout Setup'!C30=0,"",'Workout Setup'!C30) -> Machine Chest Press | D30: =IF('Workout Setup'!D30=0,"",'Workout Setup'!D30) -> 3 | E30: =IF('Workout Setup'!E30=0,"",'Workout Setup'!E30) -> 8 - 12 | F30: =IF('Workout Setup'!F30=0,"",'Workout Setup'!F30) -> 30 | G30: ='Workout Setup'!G30 -> 0 | I30: =IF(H30*G30=0,"",H30*G30) | J30: =IF('Workout Setup'!H30=0,"",'Workout Setup'!H30)
B31: =IF('Workout Setup'!B31=0,"",'Workout Setup'!B31) -> Chest | C31: =IF('Workout Setup'!C31=0,"",'Workout Setup'!C31) -> Weighted Dip (Chest Variation) | D31: =IF('Workout Setup'!D31=0,"",'Workout Setup'!D31) -> 3 | E31: =IF('Workout Setup'!E31=0,"",'Workout Setup'!E31) -> 8 - 12 | F31: =IF('Workout Setup'!F31=0,"",'Workout Setup'!F31) -> 30 | G31: ='Workout Setup'!G31 -> 0 | I31: =IF(H31*G31=0,"",H31*G31) | J31: =IF('Workout Setup'!H31=0,"",'Workout Setup'!H31)
A34: Day 4 | B34: Muscle Group | C34: Exercise | D34: Sets | E34: Reps | F34: Rest (Seconds) | G34: Weight | H34: Total Reps | I34: Volume | J34: Notes
B35: =IF('Workout Setup'!B35=0,"",'Workout Setup'!B35) -> Glutes_Hamstrings | C35: =IF('Workout Setup'!C35=0,"",'Workout Setup'!C35) -> Banded Leg Extension | D35: =IF('Workout Setup'!D35=0,"",'Workout Setup'!D35) -> 3 | E35: =IF('Workout Setup'!E35=0,"",'Workout Setup'!E35) -> 20 - 25 | F35: =IF('Workout Setup'!F35=0,"",'Workout Setup'!F35) -> 30 | G35: ='Workout Setup'!G35 -> 0 | I35: =IF(H35*G35=0,"",H35*G35) | J35: =IF('Workout Setup'!H35=0,"",'Workout Setup'!H35)
B36: =IF('Workout Setup'!B36=0,"",'Workout Setup'!B36) -> Quadriceps | C36: =IF('Workout Setup'!C36=0,"",'Workout Setup'!C36) -> Dumbbell Goblet Squat | D36: =IF('Workout Setup'!D36=0,"",'Workout Setup'!D36) -> 3 | E36: =IF('Workout Setup'!E36=0,"",'Workout Setup'!E36) -> 8 - 10 | F36: =IF('Workout Setup'!F36=0,"",'Workout Setup'!F36) -> 30 | G36: ='Workout Setup'!G36 -> 0 | I36: =IF(H36*G36=0,"",H36*G36) | J36: =IF('Workout Setup'!H36=0,"",'Workout Setup'!H36)
B37: =IF('Workout Setup'!B37=0,"",'Workout Setup'!B37) -> Quadriceps | C37: =IF('Workout Setup'!C37=0,"",'Workout Setup'!C37) -> Hip Ab/Adduction (Pulse) | D37: =IF('Workout Setup'!D37=0,"",'Workout Setup'!D37) -> 3 | E37: =IF('Workout Setup'!E37=0,"",'Workout Setup'!E37) -> 6 - 8 | F37: =IF('Workout Setup'!F37=0,"",'Workout Setup'!F37) -> 30 | G37: ='Workout Setup'!G37 -> 0 | I37: =IF(H37*G37=0,"",H37*G37) | J37: =IF('Workout Setup'!H37=0,"",'Workout Setup'!H37)
B38: =IF('Workout Setup'!B38=0,"",'Workout Setup'!B38) -> Other | C38: =IF('Workout Setup'!C38=0,"",'Workout Setup'!C38) -> ITB release via Foam roller | D38: =IF('Workout Setup'!D38=0,"",'Workout Setup'!D38) -> 3 | E38: =IF('Workout Setup'!E38=0,"",'Workout Setup'!E38) -> 8 - 12 | F38: =IF('Workout Setup'!F38=0,"",'Workout Setup'!F38) -> 30 | G38: ='Workout Setup'!G38 -> 0 | I38: =IF(H38*G38=0,"",H38*G38) | J38: =IF('Workout Setup'!H38=0,"",'Workout Setup'!H38)
B39: =IF('Workout Setup'!B39=0,"",'Workout Setup'!B39) -> Other | C39: =IF('Workout Setup'!C39=0,"",'Workout Setup'!C39) -> TFL release via Trigger ball | D39: =IF('Workout Setup'!D39=0,"",'Workout Setup'!D39) -> 3 | E39: =IF('Workout Setup'!E39=0,"",'Workout Setup'!E39) -> 8 - 12 | F39: =IF('Workout Setup'!F39=0,"",'Workout Setup'!F39) -> 30 | G39: ='Workout Setup'!G39 -> 0 | I39: =IF(H39*G39=0,"",H39*G39) | J39: =IF('Workout Setup'!H39=0,"",'Workout Setup'!H39)
B40: =IF('Workout Setup'!B40=0,"",'Workout Setup'!B40) -> Calves | C40: =IF('Workout Setup'!C40=0,"",'Workout Setup'!C40) -> Single Leg Seated Calf Raise | D40: =IF('Workout Setup'!D40=0,"",'Workout Setup'!D40) -> 3 | E40: =IF('Workout Setup'!E40=0,"",'Workout Setup'!E40) -> 12 - 15 | F40: =IF('Workout Setup'!F40=0,"",'Workout Setup'!F40) -> 30 | G40: ='Workout Setup'!G40 -> 0 | I40: =IF(H40*G40=0,"",H40*G40) | J40: =IF('Workout Setup'!H40=0,"",'Workout Setup'!H40)
B41: =IF('Workout Setup'!B41=0,"",'Workout Setup'!B41) -> Calves | C41: =IF('Workout Setup'!C41=0,"",'Workout Setup'!C41) -> Machine Calf Raise | D41: =IF('Workout Setup'!D41=0,"",'Workout Setup'!D41) -> 3 | E41: =IF('Workout Setup'!E41=0,"",'Workout Setup'!E41) -> 12 - 15 | F41: =IF('Workout Setup'!F41=0,"",'Workout Setup'!F41) -> 30 | G41: ='Workout Setup'!G41 -> 0 | I41: =IF(H41*G41=0,"",H41*G41) | J41: =IF('Workout Setup'!H41=0,"",'Workout Setup'!H41)
B42: =IF('Workout Setup'!B42=0,"",'Workout Setup'!B42) -> Glutes_Hamstrings | C42: =IF('Workout Setup'!C42=0,"",'Workout Setup'!C42) -> Double Leg Hamstring Bridge | D42: =IF('Workout Setup'!D42=0,"",'Workout Setup'!D42) -> 3 | E42: =IF('Workout Setup'!E42=0,"",'Workout Setup'!E42) -> 15 - 20 | F42: =IF('Workout Setup'!F42=0,"",'Workout Setup'!F42) -> 30 | G42: ='Workout Setup'!G42 -> 0 | I42: =IF(H42*G42=0,"",H42*G42) | J42: =IF('Workout Setup'!H42=0,"",'Workout Setup'!H42)

Sheet Week 2
A1: Day 1 | B1: Muscle Group | C1: Exercise | D1: Sets | E1: Reps | F1: Rest (Seconds) | G1: Weight | H1: Total Reps | I1: Volume | J1: Note
B2: =IF('Week 1'!B2=0,"",'Week 1'!B2) -> Glutes_Hamstrings | C2: =IF('Week 1'!C2=0,"",'Week 1'!C2) -> Barbell Glute Bridge | D2: =IF('Week 1'!D2=0,"",'Week 1'!D2) -> 3 | E2: =IF('Week 1'!E2=0,"",'Week 1'!E2) -> 8 - 12 | F2: =IF('Week 1'!F2=0,"",'Week 1'!F2) -> 30 | G2: ='Week 1'!G2 -> 0 | H2: ='Week 1'!H2 -> 0 | I2: =IF(H2*G2=0,"",H2*G2) | J2: =IF('Week 1'!J2=0,"",'Week 1'!J2)
B3: =IF('Week 1'!B3=0,"",'Week 1'!B3) -> Glutes_Hamstrings | C3: =IF('Week 1'!C3=0,"",'Week 1'!C3) -> Barbell Hip Thrust | D3: =IF('Week 1'!D3=0,"",'Week 1'!D3) -> 3 | E3: =IF('Week 1'!E3=0,"",'Week 1'!E3) -> 8 - 12 | F3: =IF('Week 1'!F3=0,"",'Week 1'!F3) -> 30 | G3: ='Week 1'!G3 -> 0 | H3: ='Week 1'!H3 -> 0 | I3: =IF(H3*G3=0,"",H3*G3) | J3: =IF('Week 1'!J3=0,"",'Week 1'!J3)
B4: =IF('Week 1'!B4=0,"",'Week 1'!B4) -> Glutes_Hamstrings | C4: =IF('Week 1'!C4=0,"",'Week 1'!C4) -> Cable One-Legged Kickback | D4: =IF('Week 1'!D4=0,"",'Week 1'!D4) -> 3 | E4: =IF('Week 1'!E4=0,"",'Week 1'!E4) -> 8 - 12 | F4: =IF('Week 1'!F4=0,"",'Week 1'!F4) -> 30 | G4: ='Week 1'!G4 -> 0 | H4: ='Week 1'!H4 -> 0 | I4: =IF(H4*G4=0,"",H4*G4) | J4: =IF('Week 1'!J4=0,"",'Week 1'!J4)
B5: =IF('Week 1'!B5=0,"",'Week 1'!B5) -> Quadriceps | C5: =IF('Week 1'!C5=0,"",'Week 1'!C5) -> Barbell Squat | D5: =IF('Week 1'!D5=0,"",'Week 1'!D5) -> 3 | E5: =IF('Week 1'!E5=0,"",'Week 1'!E5) -> 8 - 12 | F5: =IF('Week 1'!F5=0,"",'Week 1'!F5) -> 30 | G5: ='Week 1'!G5 -> 0 | H5: ='Week 1'!H5 -> 0 | I5: =IF(H5*G5=0,"",H5*G5) | J5: =IF('Week 1'!J5=0,"",'Week 1'!J5)
B6: =IF('Week 1'!B6=0,"",'Week 1'!B6) -> Quadriceps | C6: =IF('Week 1'!C6=0,"",'Week 1'!C6) -> Machine Laying Leg Press | D6: =IF('Week 1'!D6=0,"",'Week 1'!D6) -> 3 | E6: =IF('Week 1'!E6=0,"",'Week 1'!E6) -> 8 - 12 | F6: =IF('Week 1'!F6=0,"",'Week 1'!F6) -> 30 | G6: ='Week 1'!G6 -> 0 | H6: ='Week 1'!H6 -> 0 | I6: =IF(H6*G6=0,"",H6*G6) | J6: =IF('Week 1'!J6=0,"",'Week 1'!J6)
B7: =IF('Week 1'!B7=0,"",'Week 1'!B7) -> Quadriceps | C7: =IF('Week 1'!C7=0,"",'Week 1'!C7) -> Body Weight Bulgarian Split-Squat | D7: =IF('Week 1'!D7=0,"",'Week 1'!D7) -> 3 | E7: =IF('Week 1'!E7=0,"",'Week 1'!E7) -> 8 - 12 | F7: =IF('Week 1'!F7=0,"",'Week 1'!F7) -> 30 | G7: ='Week 1'!G7 -> 0 | H7: ='Week 1'!H7 -> 0 | I7: =IF(H7*G7=0,"",H7*G7) | J7: =IF('Week 1'!J7=0,"",'Week 1'!J7)
B8: =IF('Week 1'!B8=0,"",'Week 1'!B8) -> Calves | C8: =IF('Week 1'!C8=0,"",'Week 1'!C8) -> Dumbbell Calf Raise | D8: =IF('Week 1'!D8=0,"",'Week 1'!D8) -> 3 | E8: =IF('Week 1'!E8=0,"",'Week 1'!E8) -> 15 - 20 | F8: =IF('Week 1'!F8=0,"",'Week 1'!F8) -> 30 | G8: ='Week 1'!G8 -> 0 | H8: ='Week 1'!H8 -> 0 | I8: =IF(H8*G8=0,"",H8*G8) | J8: =IF('Week 1'!J8=0,"",'Week 1'!J8)
B9: =IF('Week 1'!B9=0,"",'Week 1'!B9) -> Quadriceps | C9: =IF('Week 1'!C9=0,"",'Week 1'!C9) -> Machine Calf Raise | D9: =IF('Week 1'!D9=0,"",'Week 1'!D9) -> 3 | E9: =IF('Week 1'!E9=0,"",'Week 1'!E9) -> 15 - 20 | F9: =IF('Week 1'!F9=0,"",'Week 1'!F9) -> 30 | G9: ='Week 1'!G9 -> 0 | H9: ='Week 1'!H9 -> 0 | I9: =IF(H9*G9=0,"",H9*G9) | J9: =IF('Week 1'!J9=0,"",'Week 1'!J9)
A12: Day 2 | B12: Muscle Group | C12: Exercise | D12: Sets | E12: Reps | F12: Rest (Seconds) | G12: Weight | H12: Total Reps | I12: Volume | J12: Note
B13: =IF('Week 1'!B13=0,"",'Week 1'!B13) -> Back | C13: =IF('Week 1'!C13=0,"",'Week 1'!C13) -> Cable Narrow-Grip Lat Pull-Down | D13: =IF('Week 1'!D13=0,"",'Week 1'!D13) -> 3 | E13: =IF('Week 1'!E13=0,"",'Week 1'!E13) -> 8 - 12 | F13: =IF('Week 1'!F13=0,"",'Week 1'!F13) -> 30 | G13: ='Week 1'!G13 -> 0 | H13: ='Week 1'!H13 -> 0 | I13: =IF(H13*G13=0,"",H13*G13) | J13: =IF('Week 1'!J13=0,"",'Week 1'!J13)
B14: =IF('Week 1'!B14=0,"",'Week 1'!B14) -> Back | C14: =IF('Week 1'!C14=0,"",'Week 1'!C14) -> Cable Wide-Grip Lat Pull-Down | D14: =IF('Week 1'!D14=0,"",'Week 1'!D14) -> 3 | E14: =IF('Week 1'!E14=0,"",'Week 1'!E14) -> 8 - 12 | F14: =IF('Week 1'!F14=0,"",'Week 1'!F14) -> 30 | G14: ='Week 1'!G14 -> 0 | H14: ='Week 1'!H14 -> 0 | I14: =IF(H14*G14=0,"",H14*G14) | J14: =IF(#REF!=0,"",#REF!) -> #REF!
B15: =IF('Week 1'!B15=0,"",'Week 1'!B15) -> Back | C15: =IF('Week 1'!C15=0,"",'Week 1'!C15) -> Machine Back Extension | D15: =IF('Week 1'!D15=0,"",'Week 1'!D15) -> 3 | E15: =IF('Week 1'!E15=0,"",'Week 1'!E15) -> 8 - 12 | F15: =IF('Week 1'!F15=0,"",'Week 1'!F15) -> 30 | G15: ='Week 1'!G15 -> 0 | H15: ='Week 1'!H15 -> 0 | I15: =IF(H15*G15=0,"",H15*G15) | J15: =IF('Week 1'!J15=0,"",'Week 1'!J15)
B16: =IF('Week 1'!B16=0,"",'Week 1'!B16) -> Triceps | C16: =IF('Week 1'!C16=0,"",'Week 1'!C16) -> Body Weight Bench Dip | D16: =IF('Week 1'!D16=0,"",'Week 1'!D16) -> 3 | E16: =IF('Week 1'!E16=0,"",'Week 1'!E16) -> 8 - 12 | F16: =IF('Week 1'!F16=0,"",'Week 1'!F16) -> 30 | G16: ='Week 1'!G16 -> 0 | H16: ='Week 1'!H16 -> 0 | I16: =IF(H16*G16=0,"",H16*G16) | J16: =IF('Week 1'!J16=0,"",'Week 1'!J16)
B17: =IF('Week 1'!B17=0,"",'Week 1'!B17) -> Triceps | C17: =IF('Week 1'!C17=0,"",'Week 1'!C17) -> Cable Overhead Triceps Extension | D17: =IF('Week 1'!D17=0,"",'Week 1'!D17) -> 3 | E17: =IF('Week 1'!E17=0,"",'Week 1'!E17) -> 8 - 12 | F17: =IF('Week 1'!F17=0,"",'Week 1'!F17) -> 30 | G17: ='Week 1'!G17 -> 0 | H17: ='Week 1'!H17 -> 0 | I17: =IF(H17*G17=0,"",H17*G17) | J17: =IF('Week 1'!J17=0,"",'Week 1'!J17)
B18: =IF('Week 1'!B18=0,"",'Week 1'!B18) -> Triceps | C18: =IF('Week 1'!C18=0,"",'Week 1'!C18) -> Machine Triceps Extension | D18: =IF('Week 1'!D18=0,"",'Week 1'!D18) -> 3 | E18: =IF('Week 1'!E18=0,"",'Week 1'!E18) -> 8 - 12 | F18: =IF('Week 1'!F18=0,"",'Week 1'!F18) -> 30 | G18: ='Week 1'!G18 -> 0 | H18: ='Week 1'!H18 -> 0 | I18: =IF(H18*G18=0,"",H18*G18) | J18: =IF('Week 1'!J18=0,"",'Week 1'!J18)
B19: =IF('Week 1'!B19=0,"",'Week 1'!B19) -> Abs | C19: =IF('Week 1'!C19=0,"",'Week 1'!C19) -> Body Weight Hanging Leg Raise | D19: =IF('Week 1'!D19=0,"",'Week 1'!D19) -> 3 | E19: =IF('Week 1'!E19=0,"",'Week 1'!E19) -> 15 - 20 | F19: =IF('Week 1'!F19=0,"",'Week 1'!F19) -> 30 | G19: ='Week 1'!G19 -> 0 | H19: ='Week 1'!H19 -> 0 | I19: =IF(H19*G19=0,"",H19*G19) | J19: =IF('Week 1'!J19=0,"",'Week 1'!J19)
B20: =IF('Week 1'!B20=0,"",'Week 1'!B20) -> Abs | C20: =IF('Week 1'!C20=0,"",'Week 1'!C20) -> Body Weight Ab Crunch | D20: =IF('Week 1'!D20=0,"",'Week 1'!D20) -> 3 | E20: =IF('Week 1'!E20=0,"",'Week 1'!E20) -> 15 - 20 | F20: =IF('Week 1'!F20=0,"",'Week 1'!F20) -> 30 | G20: ='Week 1'!G20 -> 0 | H20: ='Week 1'!H20 -> 0 | I20: =IF(H20*G20=0,"",H20*G20) | J20: =IF('Week 1'!J20=0,"",'Week 1'!J20)
A23: Day 3 | B23: Muscle Group | C23: Exercise | D23: Sets | E23: Reps | F23: Rest (Seconds) | G23: Weight | H23: Total Reps | I23: Volume | J23: Note
B24: =IF('Week 1'!B24=0,"",'Week 1'!B24) -> Biceps | C24: =IF('Week 1'!C24=0,"",'Week 1'!C24) -> Dumbbell Hammer Biceps Curl | D24: =IF('Week 1'!D24=0,"",'Week 1'!D24) -> 3 | E24: =IF('Week 1'!E24=0,"",'Week 1'!E24) -> 8 - 12 | F24: =IF('Week 1'!F24=0,"",'Week 1'!F24) -> 30 | G24: ='Week 1'!G24 -> 0 | H24: ='Week 1'!H24 -> 0 | I24: =IF(H24*G24=0,"",H24*G24) | J24: =IF('Week 1'!J24=0,"",'Week 1'!J24)
B25: =IF('Week 1'!B25=0,"",'Week 1'!B25) -> Biceps | C25: =IF('Week 1'!C25=0,"",'Week 1'!C25) -> Dumbbell Incline Bench Biceps Curl | D25: =IF('Week 1'!D25=0,"",'Week 1'!D25) -> 3 | E25: =IF('Week 1'!E25=0,"",'Week 1'!E25) -> 8 - 12 | F25: =IF('Week 1'!F25=0,"",'Week 1'!F25) -> 30 | G25: ='Week 1'!G25 -> 0 | H25: ='Week 1'!H25 -> 0 | I25: =IF(H25*G25=0,"",H25*G25) | J25: =IF('Week 1'!J25=0,"",'Week 1'!J25)
B26: =IF('Week 1'!B26=0,"",'Week 1'!B26) -> Biceps | C26: =IF('Week 1'!C26=0,"",'Week 1'!C26) -> Barbell Preacher Biceps Curl | D26: =IF('Week 1'!D26=0,"",'Week 1'!D26) -> 3 | E26: =IF('Week 1'!E26=0,"",'Week 1'!E26) -> 8 - 12 | F26: =IF('Week 1'!F26=0,"",'Week 1'!F26) -> 30 | G26: ='Week 1'!G26 -> 0 | H26: ='Week 1'!H26 -> 0 | I26: =IF(H26*G26=0,"",H26*G26) | J26: =IF('Week 1'!J26=0,"",'Week 1'!J26)
B27: =IF('Week 1'!B27=0,"",'Week 1'!B27) -> Shoulders | C27: =IF('Week 1'!C27=0,"",'Week 1'!C27) -> Dumbbell Side Lateral Raise | D27: =IF('Week 1'!D27=0,"",'Week 1'!D27) -> 3 | E27: =IF('Week 1'!E27=0,"",'Week 1'!E27) -> 8 - 12 | F27: =IF('Week 1'!F27=0,"",'Week 1'!F27) -> 30 | G27: ='Week 1'!G27 -> 0 | H27: ='Week 1'!H27 -> 0 | I27: =IF(H27*G27=0,"",H27*G27) | J27: =IF('Week 1'!J27=0,"",'Week 1'!J27)
B28: =IF('Week 1'!B28=0,"",'Week 1'!B28) -> Shoulders | C28: =IF('Week 1'!C28=0,"",'Week 1'!C28) -> Dumbbell Seated Shoulder Press | D28: =IF('Week 1'!D28=0,"",'Week 1'!D28) -> 3 | E28: =IF('Week 1'!E28=0,"",'Week 1'!E28) -> 8 - 12 | F28: =IF('Week 1'!F28=0,"",'Week 1'!F28) -> 30 | G28: ='Week 1'!G28 -> 0 | H28: ='Week 1'!H28 -> 0 | I28: =IF(H28*G28=0,"",H28*G28) | J28: =IF('Week 1'!J28=0,"",'Week 1'!J28)
B29: =IF('Week 1'!B29=0,"",'Week 1'!B29) -> Shoulders | C29: =IF('Week 1'!C29=0,"",'Week 1'!C29) -> Dumbbell Front Raise | D29: =IF('Week 1'!D29=0,"",'Week 1'!D29) -> 3 | E29: =IF('Week 1'!E29=0,"",'Week 1'!E29) -> 8 - 12 | F29: =IF('Week 1'!F29=0,"",'Week 1'!F29) -> 30 | G29: ='Week 1'!G29 -> 0 | H29: ='Week 1'!H29 -> 0 | I29: =IF(H29*G29=0,"",H29*G29) | J29: =IF('Week 1'!J29=0,"",'Week 1'!J29)
B30: =IF('Week 1'!B30=0,"",'Week 1'!B30) -> Chest | C30: =IF('Week 1'!C30=0,"",'Week 1'!C30) -> Machine Chest Press | D30: =IF('Week 1'!D30=0,"",'Week 1'!D30) -> 3 | E30: =IF('Week 1'!E30=0,"",'Week 1'!E30) -> 8 - 12 | F30: =IF('Week 1'!F30=0,"",'Week 1'!F30) -> 30 | G30: ='Week 1'!G30 -> 0 | H30: ='Week 1'!H30 -> 0 | I30: =IF(H30*G30=0,"",H30*G30) | J30: =IF('Week 1'!J30=0,"",'Week 1'!J30)
B31: =IF('Week 1'!B31=0,"",'Week 1'!B31) -> Chest | C31: =IF('Week 1'!C31=0,"",'Week 1'!C31) -> Weighted Dip (Chest Variation) | D31: =IF('Week 1'!D31=0,"",'Week 1'!D31) -> 3 | E31: =IF('Week 1'!E31=0,"",'Week 1'!E31) -> 8 - 12 | F31: =IF('Week 1'!F31=0,"",'Week 1'!F31) -> 30 | G31: ='Week 1'!G31 -> 0 | H31: ='Week 1'!H31 -> 0 | I31: =IF(H31*G31=0,"",H31*G31) | J31: =IF('Week 1'!J31=0,"",'Week 1'!J31)
A34: Day 4 | B34: Muscle Group | C34: Exercise | D34: Sets | E34: Reps | F34: Rest (Seconds) | G34: Weight | H34: Total Reps | I34: Volume | J34: Note
B35: =IF('Week 1'!B35=0,"",'Week 1'!B35) -> Glutes_Hamstrings | C35: =IF('Week 1'!C35=0,"",'Week 1'!C35) -> Banded Leg Extension | D35: =IF('Week 1'!D35=0,"",'Week 1'!D35) -> 3 | E35: =IF('Week 1'!E35=0,"",'Week 1'!E35) -> 20 - 25 | F35: =IF('Week 1'!F35=0,"",'Week 1'!F35) -> 30 | G35: ='Week 1'!G35 -> 0 | H35: ='Week 1'!H35 -> 0 | I35: =IF(H35*G35=0,"",H35*G35) | J35: =IF('Week 1'!J35=0,"",'Week 1'!J35)
B36: =IF('Week 1'!B36=0,"",'Week 1'!B36) -> Quadriceps | C36: =IF('Week 1'!C36=0,"",'Week 1'!C36) -> Dumbbell Goblet Squat | D36: =IF('Week 1'!D36=0,"",'Week 1'!D36) -> 3 | E36: =IF('Week 1'!E36=0,"",'Week 1'!E36) -> 8 - 10 | F36: =IF('Week 1'!F36=0,"",'Week 1'!F36) -> 30 | G36: ='Week 1'!G36 -> 0 | H36: ='Week 1'!H36 -> 0 | I36: =IF(H36*G36=0,"",H36*G36) | J36: =IF('Week 1'!J36=0,"",'Week 1'!J36)
B37: =IF('Week 1'!B37=0,"",'Week 1'!B37) -> Quadriceps | C37: =IF('Week 1'!C37=0,"",'Week 1'!C37) -> Hip Ab/Adduction (Pulse) | D37: =IF('Week 1'!D37=0,"",'Week 1'!D37) -> 3 | E37: =IF('Week 1'!E37=0,"",'Week 1'!E37) -> 6 - 8 | F37: =IF('Week 1'!F37=0,"",'Week 1'!F37) -> 30 | G37: ='Week 1'!G37 -> 0 | H37: ='Week 1'!H37 -> 0 | I37: =IF(H37*G37=0,"",H37*G37) | J37: =IF('Week 1'!J37=0,"",'Week 1'!J37)
B38: =IF('Week 1'!B38=0,"",'Week 1'!B38) -> Other | C38: =IF('Week 1'!C38=0,"",'Week 1'!C38) -> ITB release via Foam roller | D38: =IF('Week 1'!D38=0,"",'Week 1'!D38) -> 3 | E38: =IF('Week 1'!E38=0,"",'Week 1'!E38) -> 8 - 12 | F38: =IF('Week 1'!F38=0,"",'Week 1'!F38) -> 30 | G38: ='Week 1'!G38 -> 0 | H38: ='Week 1'!H38 -> 0 | I38: =IF(H38*G38=0,"",H38*G38) | J38: =IF('Week 1'!J38=0,"",'Week 1'!J38)
B39: =IF('Week 1'!B39=0,"",'Week 1'!B39) -> Other | C39: =IF('Week 1'!C39=0,"",'Week 1'!C39) -> TFL release via Trigger ball | D39: =IF('Week 1'!D39=0,"",'Week 1'!D39) -> 3 | E39: =IF('Week 1'!E39=0,"",'Week 1'!E39) -> 8 - 12 | F39: =IF('Week 1'!F39=0,"",'Week 1'!F39) -> 30 | G39: ='Week 1'!G39 -> 0 | H39: ='Week 1'!H39 -> 0 | I39: =IF(H39*G39=0,"",H39*G39) | J39: =IF('Week 1'!J39=0,"",'Week 1'!J39)
B40: =IF('Week 1'!B40=0,"",'Week 1'!B40) -> Calves | C40: =IF('Week 1'!C40=0,"",'Week 1'!C40) -> Single Leg Seated Calf Raise | D40: =IF('Week 1'!D40=0,"",'Week 1'!D40) -> 3 | E40: =IF('Week 1'!E40=0,"",'Week 1'!E40) -> 12 - 15 | F40: =IF('Week 1'!F40=0,"",'Week 1'!F40) -> 30 | G40: ='Week 1'!G40 -> 0 | H40: ='Week 1'!H40 -> 0 | I40: =IF(H40*G40=0,"",H40*G40) | J40: =IF('Week 1'!J40=0,"",'Week 1'!J40)
B41: =IF('Week 1'!B41=0,"",'Week 1'!B41) -> Calves | C41: =IF('Week 1'!C41=0,"",'Week 1'!C41) -> Machine Calf Raise | D41: =IF('Week 1'!D41=0,"",'Week 1'!D41) -> 3 | E41: =IF('Week 1'!E41=0,"",'Week 1'!E41) -> 12 - 15 | F41: =IF('Week 1'!F41=0,"",'Week 1'!F41) -> 30 | G41: ='Week 1'!G41 -> 0 | H41: ='Week 1'!H41 -> 0 | I41: =IF(H41*G41=0,"",H41*G41) | J41: =IF('Week 1'!J41=0,"",'Week 1'!J41)
B42: =IF('Week 1'!B42=0,"",'Week 1'!B42) -> Glutes_Hamstrings | C42: =IF('Week 1'!C42=0,"",'Week 1'!C42) -> Double Leg Hamstring Bridge | D42: =IF('Week 1'!D42=0,"",'Week 1'!D42) -> 3 | E42: =IF('Week 1'!E42=0,"",'Week 1'!E42) -> 15 - 20 | F42: =IF('Week 1'!F42=0,"",'Week 1'!F42) -> 30 | G42: ='Week 1'!G42 -> 0 | H42: ='Week 1'!H42 -> 0 | I42: =IF(H42*G42=0,"",H42*G42) | J42: =IF('Week 1'!J42=0,"",'Week 1'!J42)

Sheet Week 3
A1: Day 1 | B1: Muscle Group | C1: Exercise | D1: Sets | E1: Reps | F1: Rest (Seconds) | G1: Weight | H1: Total Reps | I1: Volume | J1: Note
B2: =IF('Week 2'!B2=0,"",'Week 2'!B2) -> Glutes_Hamstrings | C2: =IF('Week 2'!C2=0,"",'Week 2'!C2) -> Barbell Glute Bridge | D2: =IF('Week 2'!D2=0,"",'Week 2'!D2) -> 3 | E2: =IF('Week 2'!E2=0,"",'Week 2'!E2) -> 8 - 12 | F2: =IF('Week 2'!F2=0,"",'Week 2'!F2) -> 30 | G2: ='Week 2'!G2 -> 0 | H2: ='Week 2'!H2 -> 0 | I2: =IF(H2*G2=0,"",H2*G2) | J2: =IF('Week 2'!J2=0,"",'Week 2'!J2)
B3: =IF('Week 2'!B3=0,"",'Week 2'!B3) -> Glutes_Hamstrings | C3: =IF('Week 2'!C3=0,"",'Week 2'!C3) -> Barbell Hip Thrust | D3: =IF('Week 2'!D3=0,"",'Week 2'!D3) -> 3 | E3: =IF('Week 2'!E3=0,"",'Week 2'!E3) -> 8 - 12 | F3: =IF('Week 2'!F3=0,"",'Week 2'!F3) -> 30 | G3: ='Week 2'!G3 -> 0 | H3: ='Week 2'!H3 -> 0 | I3: =IF(H3*G3=0,"",H3*G3) | J3: =IF('Week 2'!J3=0,"",'Week 2'!J3)
B4: =IF('Week 2'!B4=0,"",'Week 2'!B4) -> Glutes_Hamstrings | C4: =IF('Week 2'!C4=0,"",'Week 2'!C4) -> Cable One-Legged Kickback | D4: =IF('Week 2'!D4=0,"",'Week 2'!D4) -> 3 | E4: =IF('Week 2'!E4=0,"",'Week 2'!E4) -> 8 - 12 | F4: =IF('Week 2'!F4=0,"",'Week 2'!F4) -> 30 | G4: ='Week 2'!G4 -> 0 | H4: ='Week 2'!H4 -> 0 | I4: =IF(H4*G4=0,"",H4*G4) | J4: =IF('Week 2'!J4=0,"",'Week 2'!J4)
B5: =IF('Week 2'!B5=0,"",'Week 2'!B5) -> Quadriceps | C5: =IF('Week 2'!C5=0,"",'Week 2'!C5) -> Barbell Squat | D5: =IF('Week 2'!D5=0,"",'Week 2'!D5) -> 3 | E5: =IF('Week 2'!E5=0,"",'Week 2'!E5) -> 8 - 12 | F5: =IF('Week 2'!F5=0,"",'Week 2'!F5) -> 30 | G5: ='Week 2'!G5 -> 0 | H5: ='Week 2'!H5 -> 0 | I5: =IF(H5*G5=0,"",H5*G5) | J5: =IF('Week 2'!J5=0,"",'Week 2'!J5)
B6: =IF('Week 2'!B6=0,"",'Week 2'!B6) -> Quadriceps | C6: =IF('Week 2'!C6=0,"",'Week 2'!C6) -> Machine Laying Leg Press | D6: =IF('Week 2'!D6=0,"",'Week 2'!D6) -> 3 | E6: =IF('Week 2'!E6=0,"",'Week 2'!E6) -> 8 - 12 | F6: =IF('Week 2'!F6=0,"",'Week 2'!F6) -> 30 | G6: ='Week 2'!G6 -> 0 | H6: ='Week 2'!H6 -> 0 | I6: =IF(H6*G6=0,"",H6*G6) | J6: =IF('Week 2'!J6=0,"",'Week 2'!J6)
B7: =IF('Week 2'!B7=0,"",'Week 2'!B7) -> Quadriceps | C7: =IF('Week 2'!C7=0,"",'Week 2'!C7) -> Body Weight Bulgarian Split-Squat | D7: =IF('Week 2'!D7=0,"",'Week 2'!D7) -> 3 | E7: =IF('Week 2'!E7=0,"",'Week 2'!E7) -> 8 - 12 | F7: =IF('Week 2'!F7=0,"",'Week 2'!F7) -> 30 | G7: ='Week 2'!G7 -> 0 | H7: ='Week 2'!H7 -> 0 | I7: =IF(H7*G7=0,"",H7*G7) | J7: =IF('Week 2'!J7=0,"",'Week 2'!J7)
B8: =IF('Week 2'!B8=0,"",'Week 2'!B8) -> Calves | C8: =IF('Week 2'!C8=0,"",'Week 2'!C8) -> Dumbbell Calf Raise | D8: =IF('Week 2'!D8=0,"",'Week 2'!D8) -> 3 | E8: =IF('Week 2'!E8=0,"",'Week 2'!E8) -> 15 - 20 | F8: =IF('Week 2'!F8=0,"",'Week 2'!F8) -> 30 | G8: ='Week 2'!G8 -> 0 | H8: ='Week 2'!H8 -> 0 | I8: =IF(H8*G8=0,"",H8*G8) | J8: =IF('Week 2'!J8=0,"",'Week 2'!J8)
B9: =IF('Week 2'!B9=0,"",'Week 2'!B9) -> Quadriceps | C9: =IF('Week 2'!C9=0,"",'Week 2'!C9) -> Machine Calf Raise | D9: =IF('Week 2'!D9=0,"",'Week 2'!D9) -> 3 | E9: =IF('Week 2'!E9=0,"",'Week 2'!E9) -> 15 - 20 | F9: =IF('Week 2'!F9=0,"",'Week 2'!F9) -> 30 | G9: ='Week 2'!G9 -> 0 | H9: ='Week 2'!H9 -> 0 | I9: =IF(H9*G9=0,"",H9*G9) | J9: =IF('Week 2'!J9=0,"",'Week 2'!J9)
A12: Day 2 | B12: Muscle Group | C12: Exercise | D12: Sets | E12: Reps | F12: Rest (Seconds) | G12: Weight | H12: Total Reps | I12: Volume | J12: Note
B13: =IF('Week 2'!B13=0,"",'Week 2'!B13) -> Back | C13: =IF('Week 2'!C13=0,"",'Week 2'!C13) -> Cable Narrow-Grip Lat Pull-Down | D13: =IF('Week 2'!D13=0,"",'Week 2'!D13) -> 3 | E13: =IF('Week 2'!E13=0,"",'Week 2'!E13) -> 8 - 12 | F13: =IF('Week 2'!F13=0,"",'Week 2'!F13) -> 30 | G13: ='Week 2'!G13 -> 0 | H13: ='Week 2'!H13 -> 0 | I13: =IF(H13*G13=0,"",H13*G13) | J13: =IF('Week 2'!J13=0,"",'Week 2'!J13)
B14: =IF('Week 2'!B14=0,"",'Week 2'!B14) -> Back | C14: =IF('Week 2'!C14=0,"",'Week 2'!C14) -> Cable Wide-Grip Lat Pull-Down | D14: =IF('Week 2'!D14=0,"",'Week 2'!D14) -> 3 | E14: =IF('Week 2'!E14=0,"",'Week 2'!E14) -> 8 - 12 | F14: =IF('Week 2'!F14=0,"",'Week 2'!F14) -> 30 | G14: ='Week 2'!G14 -> 0 | H14: ='Week 2'!H14 -> 0 | I14: =IF(H14*G14=0,"",H14*G14) | J14: =IF('Week 2'!J14=0,"",'Week 2'!J14) -> #REF!
B15: =IF('Week 2'!B15=0,"",'Week 2'!B15) -> Back | C15: =IF('Week 2'!C15=0,"",'Week 2'!C15) -> Machine Back Extension | D15: =IF('Week 2'!D15=0,"",'Week 2'!D15) -> 3 | E15: =IF('Week 2'!E15=0,"",'Week 2'!E15) -> 8 - 12 | F15: =IF('Week 2'!F15=0,"",'Week 2'!F15) -> 30 | G15: ='Week 2'!G15 -> 0 | H15: ='Week 2'!H15 -> 0 | I15: =IF(H15*G15=0,"",H15*G15) | J15: =IF('Week 2'!J15=0,"",'Week 2'!J15)
B16: =IF('Week 2'!B16=0,"",'Week 2'!B16) -> Triceps | C16: =IF('Week 2'!C16=0,"",'Week 2'!C16) -> Body Weight Bench Dip | D16: =IF('Week 2'!D16=0,"",'Week 2'!D16) -> 3 | E16: =IF('Week 2'!E16=0,"",'Week 2'!E16) -> 8 - 12 | F16: =IF('Week 2'!F16=0,"",'Week 2'!F16) -> 30 | G16: ='Week 2'!G16 -> 0 | H16: ='Week 2'!H16 -> 0 | I16: =IF(H16*G16=0,"",H16*G16) | J16: =IF('Week 2'!J16=0,"",'Week 2'!J16)
B17: =IF('Week 2'!B17=0,"",'Week 2'!B17) -> Triceps | C17: =IF('Week 2'!C17=0,"",'Week 2'!C17) -> Cable Overhead Triceps Extension | D17: =IF('Week 2'!D17=0,"",'Week 2'!D17) -> 3 | E17: =IF('Week 2'!E17=0,"",'Week 2'!E17) -> 8 - 12 | F17: =IF('Week 2'!F17=0,"",'Week 2'!F17) -> 30 | G17: ='Week 2'!G17 -> 0 | H17: ='Week 2'!H17 -> 0 | I17: =IF(H17*G17=0,"",H17*G17) | J17: =IF('Week 2'!J17=0,"",'Week 2'!J17)
B18: =IF('Week 2'!B18=0,"",'Week 2'!B18) -> Triceps | C18: =IF('Week 2'!C18=0,"",'Week 2'!C18) -> Machine Triceps Extension | D18: =IF('Week 2'!D18=0,"",'Week 2'!D18) -> 3 | E18: =IF('Week 2'!E18=0,"",'Week 2'!E18) -> 8 - 12 | F18: =IF('Week 2'!F18=0,"",'Week 2'!F18) -> 30 | G18: ='Week 2'!G18 -> 0 | H18: ='Week 2'!H18 -> 0 | I18: =IF(H18*G18=0,"",H18*G18) | J18: =IF('Week 2'!J18=0,"",'Week 2'!J18)
B19: =IF('Week 2'!B19=0,"",'Week 2'!B19) -> Abs | C19: =IF('Week 2'!C19=0,"",'Week 2'!C19) -> Body Weight Hanging Leg Raise | D19: =IF('Week 2'!D19=0,"",'Week 2'!D19) -> 3 | E19: =IF('Week 2'!E19=0,"",'Week 2'!E19) -> 15 - 20 | F19: =IF('Week 2'!F19=0,"",'Week 2'!F19) -> 30 | G19: ='Week 2'!G19 -> 0 | H19: ='Week 2'!H19 -> 0 | I19: =IF(H19*G19=0,"",H19*G19) | J19: =IF('Week 2'!J19=0,"",'Week 2'!J19)
B20: =IF('Week 2'!B20=0,"",'Week 2'!B20) -> Abs | C20: =IF('Week 2'!C20=0,"",'Week 2'!C20) -> Body Weight Ab Crunch | D20: =IF('Week 2'!D20=0,"",'Week 2'!D20) -> 3 | E20: =IF('Week 2'!E20=0,"",'Week 2'!E20) -> 15 - 20 | F20: =IF('Week 2'!F20=0,"",'Week 2'!F20) -> 30 | G20: ='Week 2'!G20 -> 0 | H20: ='Week 2'!H20 -> 0 | I20: =IF(H20*G20=0,"",H20*G20) | J20: =IF('Week 2'!J20=0,"",'Week 2'!J20)
A23: Day 3 | B23: Muscle Group | C23: Exercise | D23: Sets | E23: Reps | F23: Rest (Seconds) | G23: Weight | H23: Total Reps | I23: Volume | J23: Note
B24: =IF('Week 2'!B24=0,"",'Week 2'!B24) -> Biceps | C24: =IF('Week 2'!C24=0,"",'Week 2'!C24) -> Dumbbell Hammer Biceps Curl | D24: =IF('Week 2'!D24=0,"",'Week 2'!D24) -> 3 | E24: =IF('Week 2'!E24=0,"",'Week 2'!E24) -> 8 - 12 | F24: =IF('Week 2'!F24=0,"",'Week 2'!F24) -> 30 | G24: ='Week 2'!G24 -> 0 | H24: ='Week 2'!H24 -> 0 | I24: =IF(H24*G24=0,"",H24*G24) | J24: =IF('Week 2'!J24=0,"",'Week 2'!J24)
B25: =IF('Week 2'!B25=0,"",'Week 2'!B25) -> Biceps | C25: =IF('Week 2'!C25=0,"",'Week 2'!C25) -> Dumbbell Incline Bench Biceps Curl | D25: =IF('Week 2'!D25=0,"",'Week 2'!D25) -> 3 | E25: =IF('Week 2'!E25=0,"",'Week 2'!E25) -> 8 - 12 | F25: =IF('Week 2'!F25=0,"",'Week 2'!F25) -> 30 | G25: ='Week 2'!G25 -> 0 | H25: ='Week 2'!H25 -> 0 | I25: =IF(H25*G25=0,"",H25*G25) | J25: =IF('Week 2'!J25=0,"",'Week 2'!J25)
B26: =IF('Week 2'!B26=0,"",'Week 2'!B26) -> Biceps | C26: =IF('Week 2'!C26=0,"",'Week 2'!C26) -> Barbell Preacher Biceps Curl | D26: =IF('Week 2'!D26=0,"",'Week 2'!D26) -> 3 | E26: =IF('Week 2'!E26=0,"",'Week 2'!E26) -> 8 - 12 | F26: =IF('Week 2'!F26=0,"",'Week 2'!F26) -> 30 | G26: ='Week 2'!G26 -> 0 | H26: ='Week 2'!H26 -> 0 | I26: =IF(H26*G26=0,"",H26*G26) | J26: =IF('Week 2'!J26=0,"",'Week 2'!J26)
B27: =IF('Week 2'!B27=0,"",'Week 2'!B27) -> Shoulders | C27: =IF('Week 2'!C27=0,"",'Week 2'!C27) -> Dumbbell Side Lateral Raise | D27: =IF('Week 2'!D27=0,"",'Week 2'!D27) -> 3 | E27: =IF('Week 2'!E27=0,"",'Week 2'!E27) -> 8 - 12 | F27: =IF('Week 2'!F27=0,"",'Week 2'!F27) -> 30 | G27: ='Week 2'!G27 -> 0 | H27: ='Week 2'!H27 -> 0 | I27: =IF(H27*G27=0,"",H27*G27) | J27: =IF('Week 2'!J27=0,"",'Week 2'!J27)
B28: =IF('Week 2'!B28=0,"",'Week 2'!B28) -> Shoulders | C28: =IF('Week 2'!C28=0,"",'Week 2'!C28) -> Dumbbell Seated Shoulder Press | D28: =IF('Week 2'!D28=0,"",'Week 2'!D28) -> 3 | E28: =IF('Week 2'!E28=0,"",'Week 2'!E28) -> 8 - 12 | F28: =IF('Week 2'!F28=0,"",'Week 2'!F28) -> 30 | G28: ='Week 2'!G28 -> 0 | H28: ='Week 2'!H28 -> 0 | I28: =IF(H28*G28=0,"",H28*G28) | J28: =IF('Week 2'!J28=0,"",'Week 2'!J28)
B29: =IF('Week 2'!B29=0,"",'Week 2'!B29) -> Shoulders | C29: =IF('Week 2'!C29=0,"",'Week 2'!C29) -> Dumbbell Front Raise | D29: =IF('Week 2'!D29=0,"",'Week 2'!D29) -> 3 | E29: =IF('Week 2'!E29=0,"",'Week 2'!E29) -> 8 - 12 | F29: =IF('Week 2'!F29=0,"",'Week 2'!F29) -> 30 | G29: ='Week 2'!G29 -> 0 | H29: ='Week 2'!H29 -> 0 | I29: =IF(H29*G29=0,"",H29*G29) | J29: =IF('Week 2'!J29=0,"",'Week 2'!J29)
B30: =IF('Week 2'!B30=0,"",'Week 2'!B30) -> Chest | C30: =IF('Week 2'!C30=0,"",'Week 2'!C30) -> Machine Chest Press | D30: =IF('Week 2'!D30=0,"",'Week 2'!D30) -> 3 | E30: =IF('Week 2'!E30=0,"",'Week 2'!E30) -> 8 - 12 | F30: =IF('Week 2'!F30=0,"",'Week 2'!F30) -> 30 | G30: ='Week 2'!G30 -> 0 | H30: ='Week 2'!H30 -> 0 | I30: =IF(H30*G30=0,"",H30*G30) | J30: =IF('Week 2'!J30=0,"",'Week 2'!J30)
B31: =IF('Week 2'!B31=0,"",'Week 2'!B31) -> Chest | C31: =IF('Week 2'!C31=0,"",'Week 2'!C31) -> Weighted Dip (Chest Variation) | D31: =IF('Week 2'!D31=0,"",'Week 2'!D31) -> 3 | E31: =IF('Week 2'!E31=0,"",'Week 2'!E31) -> 8 - 12 | F31: =IF('Week 2'!F31=0,"",'Week 2'!F31) -> 30 | G31: ='Week 2'!G31 -> 0 | H31: ='Week 2'!H31 -> 0 | I31: =IF(H31*G31=0,"",H31*G31) | J31: =IF('Week 2'!J31=0,"",'Week 2'!J31)
A34: Day 4 | B34: Muscle Group | C34: Exercise | D34: Sets | E34: Reps | F34: Rest (Seconds) | G34: Weight | H34: Total Reps | I34: Volume | J34: Note
B35: =IF('Week 2'!B35=0,"",'Week 2'!B35) -> Glutes_Hamstrings | C35: =IF('Week 2'!C35=0,"",'Week 2'!C35) -> Banded Leg Extension | D35: =IF('Week 2'!D35=0,"",'Week 2'!D35) -> 3 | E35: =IF('Week 2'!E35=0,"",'Week 2'!E35) -> 20 - 25 | F35: =IF('Week 2'!F35=0,"",'Week 2'!F35) -> 30 | G35: ='Week 2'!G35 -> 0 | H35: ='Week 2'!H35 -> 0 | I35: =IF(H35*G35=0,"",H35*G35) | J35: =IF('Week 2'!J35=0,"",'Week 2'!J35)
B36: =IF('Week 2'!B36=0,"",'Week 2'!B36) -> Quadriceps | C36: =IF('Week 2'!C36=0,"",'Week 2'!C36) -> Dumbbell Goblet Squat | D36: =IF('Week 2'!D36=0,"",'Week 2'!D36) -> 3 | E36: =IF('Week 2'!E36=0,"",'Week 2'!E36) -> 8 - 10 | F36: =IF('Week 2'!F36=0,"",'Week 2'!F36) -> 30 | G36: ='Week 2'!G36 -> 0 | H36: ='Week 2'!H36 -> 0 | I36: =IF(H36*G36=0,"",H36*G36) | J36: =IF('Week 2'!J36=0,"",'Week 2'!J36)
B37: =IF('Week 2'!B37=0,"",'Week 2'!B37) -> Quadriceps | C37: =IF('Week 2'!C37=0,"",'Week 2'!C37) -> Hip Ab/Adduction (Pulse) | D37: =IF('Week 2'!D37=0,"",'Week 2'!D37) -> 3 | E37: =IF('Week 2'!E37=0,"",'Week 2'!E37) -> 6 - 8 | F37: =IF('Week 2'!F37=0,"",'Week 2'!F37) -> 30 | G37: ='Week 2'!G37 -> 0 | H37: ='Week 2'!H37 -> 0 | I37: =IF(H37*G37=0,"",H37*G37) | J37: =IF('Week 2'!J37=0,"",'Week 2'!J37)
B38: =IF('Week 2'!B38=0,"",'Week 2'!B38) -> Other | C38: =IF('Week 2'!C38=0,"",'Week 2'!C38) -> ITB release via Foam roller | D38: =IF('Week 2'!D38=0,"",'Week 2'!D38) -> 3 | E38: =IF('Week 2'!E38=0,"",'Week 2'!E38) -> 8 - 12 | F38: =IF('Week 2'!F38=0,"",'Week 2'!F38) -> 30 | G38: ='Week 2'!G38 -> 0 | H38: ='Week 2'!H38 -> 0 | I38: =IF(H38*G38=0,"",H38*G38) | J38: =IF('Week 2'!J38=0,"",'Week 2'!J38)
B39: =IF('Week 2'!B39=0,"",'Week 2'!B39) -> Other | C39: =IF('Week 2'!C39=0,"",'Week 2'!C39) -> TFL release via Trigger ball | D39: =IF('Week 2'!D39=0,"",'Week 2'!D39) -> 3 | E39: =IF('Week 2'!E39=0,"",'Week 2'!E39) -> 8 - 12 | F39: =IF('Week 2'!F39=0,"",'Week 2'!F39) -> 30 | G39: ='Week 2'!G39 -> 0 | H39: ='Week 2'!H39 -> 0 | I39: =IF(H39*G39=0,"",H39*G39) | J39: =IF('Week 2'!J39=0,"",'Week 2'!J39)
B40: =IF('Week 2'!B40=0,"",'Week 2'!B40) -> Calves | C40: =IF('Week 2'!C40=0,"",'Week 2'!C40) -> Single Leg Seated Calf Raise | D40: =IF('Week 2'!D40=0,"",'Week 2'!D40) -> 3 | E40: =IF('Week 2'!E40=0,"",'Week 2'!E40) -> 12 - 15 | F40: =IF('Week 2'!F40=0,"",'Week 2'!F40) -> 30 | G40: ='Week 2'!G40 -> 0 | H40: ='Week 2'!H40 -> 0 | I40: =IF(H40*G40=0,"",H40*G40) | J40: =IF('Week 2'!J40=0,"",'Week 2'!J40)
B41: =IF('Week 2'!B41=0,"",'Week 2'!B41) -> Calves | C41: =IF('Week 2'!C41=0,"",'Week 2'!C41) -> Machine Calf Raise | D41: =IF('Week 2'!D41=0,"",'Week 2'!D41) -> 3 | E41: =IF('Week 2'!E41=0,"",'Week 2'!E41) -> 12 - 15 | F41: =IF('Week 2'!F41=0,"",'Week 2'!F41) -> 30 | G41: ='Week 2'!G41 -> 0 | H41: ='Week 2'!H41 -> 0 | I41: =IF(H41*G41=0,"",H41*G41) | J41: =IF('Week 2'!J41=0,"",'Week 2'!J41)
B42: =IF('Week 2'!B42=0,"",'Week 2'!B42) -> Glutes_Hamstrings | C42: =IF('Week 2'!C42=0,"",'Week 2'!C42) -> Double Leg Hamstring Bridge | D42: =IF('Week 2'!D42=0,"",'Week 2'!D42) -> 3 | E42: =IF('Week 2'!E42=0,"",'Week 2'!E42) -> 15 - 20 | F42: =IF('Week 2'!F42=0,"",'Week 2'!F42) -> 30 | G42: ='Week 2'!G42 -> 0 | H42: ='Week 2'!H42 -> 0 | I42: =IF(H42*G42=0,"",H42*G42) | J42: =IF('Week 2'!J42=0,"",'Week 2'!J42)

Sheet Week 4
A1: Day 1 | B1: Muscle Group | C1: Exercise | D1: Sets | E1: Reps | F1: Rest (Seconds) | G1: Weight | H1: Total Reps | I1: Volume | J1: Note
B2: =IF('Week 3'!B2=0,"",'Week 3'!B2) -> Glutes_Hamstrings | C2: =IF('Week 3'!C2=0,"",'Week 3'!C2) -> Barbell Glute Bridge | D2: =IF('Week 3'!D2=0,"",'Week 3'!D2) -> 3 | E2: =IF('Week 3'!E2=0,"",'Week 3'!E2) -> 8 - 12 | F2: =IF('Week 3'!F2=0,"",'Week 3'!F2) -> 30 | G2: ='Week 3'!G2 -> 0 | H2: ='Week 3'!H2 -> 0 | I2: =IF(H2*G2=0,"",H2*G2) | J2: =IF('Week 3'!J2=0,"",'Week 3'!J2)
B3: =IF('Week 3'!B3=0,"",'Week 3'!B3) -> Glutes_Hamstrings | C3: =IF('Week 3'!C3=0,"",'Week 3'!C3) -> Barbell Hip Thrust | D3: =IF('Week 3'!D3=0,"",'Week 3'!D3) -> 3 | E3: =IF('Week 3'!E3=0,"",'Week 3'!E3) -> 8 - 12 | F3: =IF('Week 3'!F3=0,"",'Week 3'!F3) -> 30 | G3: ='Week 3'!G3 -> 0 | H3: ='Week 3'!H3 -> 0 | I3: =IF(H3*G3=0,"",H3*G3) | J3: =IF('Week 3'!J3=0,"",'Week 3'!J3)
B4: =IF('Week 3'!B4=0,"",'Week 3'!B4) -> Glutes_Hamstrings | C4: =IF('Week 3'!C4=0,"",'Week 3'!C4) -> Cable One-Legged Kickback | D4: =IF('Week 3'!D4=0,"",'Week 3'!D4) -> 3 | E4: =IF('Week 3'!E4=0,"",'Week 3'!E4) -> 8 - 12 | F4: =IF('Week 3'!F4=0,"",'Week 3'!F4) -> 30 | G4: ='Week 3'!G4 -> 0 | H4: ='Week 3'!H4 -> 0 | I4: =IF(H4*G4=0,"",H4*G4) | J4: =IF('Week 3'!J4=0,"",'Week 3'!J4)
B5: =IF('Week 3'!B5=0,"",'Week 3'!B5) -> Quadriceps | C5: =IF('Week 3'!C5=0,"",'Week 3'!C5) -> Barbell Squat | D5: =IF('Week 3'!D5=0,"",'Week 3'!D5) -> 3 | E5: =IF('Week 3'!E5=0,"",'Week 3'!E5) -> 8 - 12 | F5: =IF('Week 3'!F5=0,"",'Week 3'!F5) -> 30 | G5: ='Week 3'!G5 -> 0 | H5: ='Week 3'!H5 -> 0 | I5: =IF(H5*G5=0,"",H5*G5) | J5: =IF('Week 3'!J5=0,"",'Week 3'!J5)
B6: =IF('Week 3'!B6=0,"",'Week 3'!B6) -> Quadriceps | C6: =IF('Week 3'!C6=0,"",'Week 3'!C6) -> Machine Laying Leg Press | D6: =IF('Week 3'!D6=0,"",'Week 3'!D6) -> 3 | E6: =IF('Week 3'!E6=0,"",'Week 3'!E6) -> 8 - 12 | F6: =IF('Week 3'!F6=0,"",'Week 3'!F6) -> 30 | G6: ='Week 3'!G6 -> 0 | H6: ='Week 3'!H6 -> 0 | I6: =IF(H6*G6=0,"",H6*G6) | J6: =IF('Week 3'!J6=0,"",'Week 3'!J6)
B7: =IF('Week 3'!B7=0,"",'Week 3'!B7) -> Quadriceps | C7: =IF('Week 3'!C7=0,"",'Week 3'!C7) -> Body Weight Bulgarian Split-Squat | D7: =IF('Week 3'!D7=0,"",'Week 3'!D7) -> 3 | E7: =IF('Week 3'!E7=0,"",'Week 3'!E7) -> 8 - 12 | F7: =IF('Week 3'!F7=0,"",'Week 3'!F7) -> 30 | G7: ='Week 3'!G7 -> 0 | H7: ='Week 3'!H7 -> 0 | I7: =IF(H7*G7=0,"",H7*G7) | J7: =IF('Week 3'!J7=0,"",'Week 3'!J7)
B8: =IF('Week 3'!B8=0,"",'Week 3'!B8) -> Calves | C8: =IF('Week 3'!C8=0,"",'Week 3'!C8) -> Dumbbell Calf Raise | D8: =IF('Week 3'!D8=0,"",'Week 3'!D8) -> 3 | E8: =IF('Week 3'!E8=0,"",'Week 3'!E8) -> 15 - 20 | F8: =IF('Week 3'!F8=0,"",'Week 3'!F8) -> 30 | G8: ='Week 3'!G8 -> 0 | H8: ='Week 3'!H8 -> 0 | I8: =IF(H8*G8=0,"",H8*G8) | J8: =IF('Week 3'!J8=0,"",'Week 3'!J8)
B9: =IF('Week 3'!B9=0,"",'Week 3'!B9) -> Quadriceps | C9: =IF('Week 3'!C9=0,"",'Week 3'!C9) -> Machine Calf Raise | D9: =IF('Week 3'!D9=0,"",'Week 3'!D9) -> 3 | E9: =IF('Week 3'!E9=0,"",'Week 3'!E9) -> 15 - 20 | F9: =IF('Week 3'!F9=0,"",'Week 3'!F9) -> 30 | G9: ='Week 3'!G9 -> 0 | H9: ='Week 3'!H9 -> 0 | I9: =IF(H9*G9=0,"",H9*G9) | J9: =IF('Week 3'!J9=0,"",'Week 3'!J9)
A12: Day 2 | B12: Muscle Group | C12: Exercise | D12: Sets | E12: Reps | F12: Rest (Seconds) | G12: Weight | H12: Total Reps | I12: Volume | J12: Note
B13: =IF('Week 3'!B13=0,"",'Week 3'!B13) -> Back | C13: =IF('Week 3'!C13=0,"",'Week 3'!C13) -> Cable Narrow-Grip Lat Pull-Down | D13: =IF('Week 3'!D13=0,"",'Week 3'!D13) -> 3 | E13: =IF('Week 3'!E13=0,"",'Week 3'!E13) -> 8 - 12 | F13: =IF('Week 3'!F13=0,"",'Week 3'!F13) -> 30 | G13: ='Week 3'!G13 -> 0 | H13: ='Week 3'!H13 -> 0 | I13: =IF(H13*G13=0,"",H13*G13) | J13: =IF('Week 3'!J13=0,"",'Week 3'!J13)
B14: =IF('Week 3'!B14=0,"",'Week 3'!B14) -> Back | C14: =IF('Week 3'!C14=0,"",'Week 3'!C14) -> Cable Wide-Grip Lat Pull-Down | D14: =IF('Week 3'!D14=0,"",'Week 3'!D14) -> 3 | E14: =IF('Week 3'!E14=0,"",'Week 3'!E14) -> 8 - 12 | F14: =IF('Week 3'!F14=0,"",'Week 3'!F14) -> 30 | G14: ='Week 3'!G14 -> 0 | H14: ='Week 3'!H14 -> 0 | I14: =IF(H14*G14=0,"",H14*G14) | J14: =IF('Week 3'!J14=0,"",'Week 3'!J14) -> #REF!
B15: =IF('Week 3'!B15=0,"",'Week 3'!B15) -> Back | C15: =IF('Week 3'!C15=0,"",'Week 3'!C15) -> Machine Back Extension | D15: =IF('Week 3'!D15=0,"",'Week 3'!D15) -> 3 | E15: =IF('Week 3'!E15=0,"",'Week 3'!E15) -> 8 - 12 | F15: =IF('Week 3'!F15=0,"",'Week 3'!F15) -> 30 | G15: ='Week 3'!G15 -> 0 | H15: ='Week 3'!H15 -> 0 | I15: =IF(H15*G15=0,"",H15*G15) | J15: =IF('Week 3'!J15=0,"",'Week 3'!J15)
B16: =IF('Week 3'!B16=0,"",'Week 3'!B16) -> Triceps | C16: =IF('Week 3'!C16=0,"",'Week 3'!C16) -> Body Weight Bench Dip | D16: =IF('Week 3'!D16=0,"",'Week 3'!D16) -> 3 | E16: =IF('Week 3'!E16=0,"",'Week 3'!E16) -> 8 - 12 | F16: =IF('Week 3'!F16=0,"",'Week 3'!F16) -> 30 | G16: ='Week 3'!G16 -> 0 | H16: ='Week 3'!H16 -> 0 | I16: =IF(H16*G16=0,"",H16*G16) | J16: =IF('Week 3'!J16=0,"",'Week 3'!J16)
B17: =IF('Week 3'!B17=0,"",'Week 3'!B17) -> Triceps | C17: =IF('Week 3'!C17=0,"",'Week 3'!C17) -> Cable Overhead Triceps Extension | D17: =IF('Week 3'!D17=0,"",'Week 3'!D17) -> 3 | E17: =IF('Week 3'!E17=0,"",'Week 3'!E17) -> 8 - 12 | F17: =IF('Week 3'!F17=0,"",'Week 3'!F17) -> 30 | G17: ='Week 3'!G17 -> 0 | H17: ='Week 3'!H17 -> 0 | I17: =IF(H17*G17=0,"",H17*G17) | J17: =IF('Week 3'!J17=0,"",'Week 3'!J17)
B18: =IF('Week 3'!B18=0,"",'Week 3'!B18) -> Triceps | C18: =IF('Week 3'!C18=0,"",'Week 3'!C18) -> Machine Triceps Extension | D18: =IF('Week 3'!D18=0,"",'Week 3'!D18) -> 3 | E18: =IF('Week 3'!E18=0,"",'Week 3'!E18) -> 8 - 12 | F18: =IF('Week 3'!F18=0,"",'Week 3'!F18) -> 30 | G18: ='Week 3'!G18 -> 0 | H18: ='Week 3'!H18 -> 0 | I18: =IF(H18*G18=0,"",H18*G18) | J18: =IF('Week 3'!J18=0,"",'Week 3'!J18)
B19: =IF('Week 3'!B19=0,"",'Week 3'!B19) -> Abs | C19: =IF('Week 3'!C19=0,"",'Week 3'!C19) -> Body Weight Hanging Leg Raise | D19: =IF('Week 3'!D19=0,"",'Week 3'!D19) -> 3 | E19: =IF('Week 3'!E19=0,"",'Week 3'!E19) -> 15 - 20 | F19: =IF('Week 3'!F19=0,"",'Week 3'!F19) -> 30 | G19: ='Week 3'!G19 -> 0 | H19: ='Week 3'!H19 -> 0 | I19: =IF(H19*G19=0,"",H19*G19) | J19: =IF('Week 3'!J19=0,"",'Week 3'!J19)
B20: =IF('Week 3'!B20=0,"",'Week 3'!B20) -> Abs | C20: =IF('Week 3'!C20=0,"",'Week 3'!C20) -> Body Weight Ab Crunch | D20: =IF('Week 3'!D20=0,"",'Week 3'!D20) -> 3 | E20: =IF('Week 3'!E20=0,"",'Week 3'!E20) -> 15 - 20 | F20: =IF('Week 3'!F20=0,"",'Week 3'!F20) -> 30 | G20: ='Week 3'!G20 -> 0 | H20: ='Week 3'!H20 -> 0 | I20: =IF(H20*G20=0,"",H20*G20) | J20: =IF('Week 3'!J20=0,"",'Week 3'!J20)
A23: Day 3 | B23: Muscle Group | C23: Exercise | D23: Sets | E23: Reps | F23: Rest (Seconds) | G23: Weight | H23: Total Reps | I23: Volume | J23: Note
B24: =IF('Week 3'!B24=0,"",'Week 3'!B24) -> Biceps | C24: =IF('Week 3'!C24=0,"",'Week 3'!C24) -> Dumbbell Hammer Biceps Curl | D24: =IF('Week 3'!D24=0,"",'Week 3'!D24) -> 3 | E24: =IF('Week 3'!E24=0,"",'Week 3'!E24) -> 8 - 12 | F24: =IF('Week 3'!F24=0,"",'Week 3'!F24) -> 30 | G24: ='Week 3'!G24 -> 0 | H24: ='Week 3'!H24 -> 0 | I24: =IF(H24*G24=0,"",H24*G24) | J24: =IF('Week 3'!J24=0,"",'Week 3'!J24)
B25: =IF('Week 3'!B25=0,"",'Week 3'!B25) -> Biceps | C25: =IF('Week 3'!C25=0,"",'Week 3'!C25) -> Dumbbell Incline Bench Biceps Curl | D25: =IF('Week 3'!D25=0,"",'Week 3'!D25) -> 3 | E25: =IF('Week 3'!E25=0,"",'Week 3'!E25) -> 8 - 12 | F25: =IF('Week 3'!F25=0,"",'Week 3'!F25) -> 30 | G25: ='Week 3'!G25 -> 0 | H25: ='Week 3'!H25 -> 0 | I25: =IF(H25*G25=0,"",H25*G25) | J25: =IF('Week 3'!J25=0,"",'Week 3'!J25)
B26: =IF('Week 3'!B26=0,"",'Week 3'!B26) -> Biceps | C26: =IF('Week 3'!C26=0,"",'Week 3'!C26) -> Barbell Preacher Biceps Curl | D26: =IF('Week 3'!D26=0,"",'Week 3'!D26) -> 3 | E26: =IF('Week 3'!E26=0,"",'Week 3'!E26) -> 8 - 12 | F26: =IF('Week 3'!F26=0,"",'Week 3'!F26) -> 30 | G26: ='Week 3'!G26 -> 0 | H26: ='Week 3'!H26 -> 0 | I26: =IF(H26*G26=0,"",H26*G26) | J26: =IF('Week 3'!J26=0,"",'Week 3'!J26)
B27: =IF('Week 3'!B27=0,"",'Week 3'!B27) -> Shoulders | C27: =IF('Week 3'!C27=0,"",'Week 3'!C27) -> Dumbbell Side Lateral Raise | D27: =IF('Week 3'!D27=0,"",'Week 3'!D27) -> 3 | E27: =IF('Week 3'!E27=0,"",'Week 3'!E27) -> 8 - 12 | F27: =IF('Week 3'!F27=0,"",'Week 3'!F27) -> 30 | G27: ='Week 3'!G27 -> 0 | H27: ='Week 3'!H27 -> 0 | I27: =IF(H27*G27=0,"",H27*G27) | J27: =IF('Week 3'!J27=0,"",'Week 3'!J27)
B28: =IF('Week 3'!B28=0,"",'Week 3'!B28) -> Shoulders | C28: =IF('Week 3'!C28=0,"",'Week 3'!C28) -> Dumbbell Seated Shoulder Press | D28: =IF('Week 3'!D28=0,"",'Week 3'!D28) -> 3 | E28: =IF('Week 3'!E28=0,"",'Week 3'!E28) -> 8 - 12 | F28: =IF('Week 3'!F28=0,"",'Week 3'!F28) -> 30 | G28: ='Week 3'!G28 -> 0 | H28: ='Week 3'!H28 -> 0 | I28: =IF(H28*G28=0,"",H28*G28) | J28: =IF('Week 3'!J28=0,"",'Week 3'!J28)
B29: =IF('Week 3'!B29=0,"",'Week 3'!B29) -> Shoulders | C29: =IF('Week 3'!C29=0,"",'Week 3'!C29) -> Dumbbell Front Raise | D29: =IF('Week 3'!D29=0,"",'Week 3'!D29) -> 3 | E29: =IF('Week 3'!E29=0,"",'Week 3'!E29) -> 8 - 12 | F29: =IF('Week 3'!F29=0,"",'Week 3'!F29) -> 30 | G29: ='Week 3'!G29 -> 0 | H29: ='Week 3'!H29 -> 0 | I29: =IF(H29*G29=0,"",H29*G29) | J29: =IF('Week 3'!J29=0,"",'Week 3'!J29)
B30: =IF('Week 3'!B30=0,"",'Week 3'!B30) -> Chest | C30: =IF('Week 3'!C30=0,"",'Week 3'!C30) -> Machine Chest Press | D30: =IF('Week 3'!D30=0,"",'Week 3'!D30) -> 3 | E30: =IF('Week 3'!E30=0,"",'Week 3'!E30) -> 8 - 12 | F30: =IF('Week 3'!F30=0,"",'Week 3'!F30) -> 30 | G30: ='Week 3'!G30 -> 0 | H30: ='Week 3'!H30 -> 0 | I30: =IF(H30*G30=0,"",H30*G30) | J30: =IF('Week 3'!J30=0,"",'Week 3'!J30)
B31: =IF('Week 3'!B31=0,"",'Week 3'!B31) -> Chest | C31: =IF('Week 3'!C31=0,"",'Week 3'!C31) -> Weighted Dip (Chest Variation) | D31: =IF('Week 3'!D31=0,"",'Week 3'!D31) -> 3 | E31: =IF('Week 3'!E31=0,"",'Week 3'!E31) -> 8 - 12 | F31: =IF('Week 3'!F31=0,"",'Week 3'!F31) -> 30 | G31: ='Week 3'!G31 -> 0 | H31: ='Week 3'!H31 -> 0 | I31: =IF(H31*G31=0,"",H31*G31) | J31: =IF('Week 3'!J31=0,"",'Week 3'!J31)
A34: Day 4 | B34: Muscle Group | C34: Exercise | D34: Sets | E34: Reps | F34: Rest (Seconds) | G34: Weight | H34: Total Reps | I34: Volume | J34: Note
B35: =IF('Week 3'!B35=0,"",'Week 3'!B35) -> Glutes_Hamstrings | C35: =IF('Week 3'!C35=0,"",'Week 3'!C35) -> Banded Leg Extension | D35: =IF('Week 3'!D35=0,"",'Week 3'!D35) -> 3 | E35: =IF('Week 3'!E35=0,"",'Week 3'!E35) -> 20 - 25 | F35: =IF('Week 3'!F35=0,"",'Week 3'!F35) -> 30 | G35: ='Week 3'!G35 -> 0 | H35: ='Week 3'!H35 -> 0 | I35: =IF(H35*G35=0,"",H35*G35) | J35: =IF('Week 3'!J35=0,"",'Week 3'!J35)
B36: =IF('Week 3'!B36=0,"",'Week 3'!B36) -> Quadriceps | C36: =IF('Week 3'!C36=0,"",'Week 3'!C36) -> Dumbbell Goblet Squat | D36: =IF('Week 3'!D36=0,"",'Week 3'!D36) -> 3 | E36: =IF('Week 3'!E36=0,"",'Week 3'!E36) -> 8 - 10 | F36: =IF('Week 3'!F36=0,"",'Week 3'!F36) -> 30 | G36: ='Week 3'!G36 -> 0 | H36: ='Week 3'!H36 -> 0 | I36: =IF(H36*G36=0,"",H36*G36) | J36: =IF('Week 3'!J36=0,"",'Week 3'!J36)
B37: =IF('Week 3'!B37=0,"",'Week 3'!B37) -> Quadriceps | C37: =IF('Week 3'!C37=0,"",'Week 3'!C37) -> Hip Ab/Adduction (Pulse) | D37: =IF('Week 3'!D37=0,"",'Week 3'!D37) -> 3 | E37: =IF('Week 3'!E37=0,"",'Week 3'!E37) -> 6 - 8 | F37: =IF('Week 3'!F37=0,"",'Week 3'!F37) -> 30 | G37: ='Week 3'!G37 -> 0 | H37: ='Week 3'!H37 -> 0 | I37: =IF(H37*G37=0,"",H37*G37) | J37: =IF('Week 3'!J37=0,"",'Week 3'!J37)
B38: =IF('Week 3'!B38=0,"",'Week 3'!B38) -> Other | C38: =IF('Week 3'!C38=0,"",'Week 3'!C38) -> ITB release via Foam roller | D38: =IF('Week 3'!D38=0,"",'Week 3'!D38) -> 3 | E38: =IF('Week 3'!E38=0,"",'Week 3'!E38) -> 8 - 12 | F38: =IF('Week 3'!F38=0,"",'Week 3'!F38) -> 30 | G38: ='Week 3'!G38 -> 0 | H38: ='Week 3'!H38 -> 0 | I38: =IF(H38*G38=0,"",H38*G38) | J38: =IF('Week 3'!J38=0,"",'Week 3'!J38)
B39: =IF('Week 3'!B39=0,"",'Week 3'!B39) -> Other | C39: =IF('Week 3'!C39=0,"",'Week 3'!C39) -> TFL release via Trigger ball | D39: =IF('Week 3'!D39=0,"",'Week 3'!D39) -> 3 | E39: =IF('Week 3'!E39=0,"",'Week 3'!E39) -> 8 - 12 | F39: =IF('Week 3'!F39=0,"",'Week 3'!F39) -> 30 | G39: ='Week 3'!G39 -> 0 | H39: ='Week 3'!H39 -> 0 | I39: =IF(H39*G39=0,"",H39*G39) | J39: =IF('Week 3'!J39=0,"",'Week 3'!J39)
B40: =IF('Week 3'!B40=0,"",'Week 3'!B40) -> Calves | C40: =IF('Week 3'!C40=0,"",'Week 3'!C40) -> Single Leg Seated Calf Raise | D40: =IF('Week 3'!D40=0,"",'Week 3'!D40) -> 3 | E40: =IF('Week 3'!E40=0,"",'Week 3'!E40) -> 12 - 15 | F40: =IF('Week 3'!F40=0,"",'Week 3'!F40) -> 30 | G40: ='Week 3'!G40 -> 0 | H40: ='Week 3'!H40 -> 0 | I40: =IF(H40*G40=0,"",H40*G40) | J40: =IF('Week 3'!J40=0,"",'Week 3'!J40)
B41: =IF('Week 3'!B41=0,"",'Week 3'!B41) -> Calves | C41: =IF('Week 3'!C41=0,"",'Week 3'!C41) -> Machine Calf Raise | D41: =IF('Week 3'!D41=0,"",'Week 3'!D41) -> 3 | E41: =IF('Week 3'!E41=0,"",'Week 3'!E41) -> 12 - 15 | F41: =IF('Week 3'!F41=0,"",'Week 3'!F41) -> 30 | G41: ='Week 3'!G41 -> 0 | H41: ='Week 3'!H41 -> 0 | I41: =IF(H41*G41=0,"",H41*G41) | J41: =IF('Week 3'!J41=0,"",'Week 3'!J41)
B42: =IF('Week 3'!B42=0,"",'Week 3'!B42) -> Glutes_Hamstrings | C42: =IF('Week 3'!C42=0,"",'Week 3'!C42) -> Double Leg Hamstring Bridge | D42: =IF('Week 3'!D42=0,"",'Week 3'!D42) -> 3 | E42: =IF('Week 3'!E42=0,"",'Week 3'!E42) -> 15 - 20 | F42: =IF('Week 3'!F42=0,"",'Week 3'!F42) -> 30 | G42: ='Week 3'!G42 -> 0 | H42: ='Week 3'!H42 -> 0 | I42: =IF(H42*G42=0,"",H42*G42) | J42: =IF('Week 3'!J42=0,"",'Week 3'!J42)

Sheet Week 5
A1: Day 1 | B1: Muscle Group | C1: Exercise | D1: Sets | E1: Reps | F1: Rest (Seconds) | G1: Weight | H1: Total Reps | I1: Volume | J1: Note
B2: =IF('Week 4'!B2=0,"",'Week 4'!B2) -> Glutes_Hamstrings | C2: =IF('Week 4'!C2=0,"",'Week 4'!C2) -> Barbell Glute Bridge | D2: =IF('Week 4'!D2=0,"",'Week 4'!D2) -> 3 | E2: =IF('Week 4'!E2=0,"",'Week 4'!E2) -> 8 - 12 | F2: =IF('Week 4'!F2=0,"",'Week 4'!F2) -> 30 | G2: ='Week 4'!G2 -> 0 | H2: ='Week 4'!H2 -> 0 | I2: =IF(H2*G2=0,"",H2*G2) | J2: =IF('Week 4'!J2=0,"",'Week 4'!J2)
B3: =IF('Week 4'!B3=0,"",'Week 4'!B3) -> Glutes_Hamstrings | C3: =IF('Week 4'!C3=0,"",'Week 4'!C3) -> Barbell Hip Thrust | D3: =IF('Week 4'!D3=0,"",'Week 4'!D3) -> 3 | E3: =IF('Week 4'!E3=0,"",'Week 4'!E3) -> 8 - 12 | F3: =IF('Week 4'!F3=0,"",'Week 4'!F3) -> 30 | G3: ='Week 4'!G3 -> 0 | H3: ='Week 4'!H3 -> 0 | I3: =IF(H3*G3=0,"",H3*G3) | J3: =IF('Week 4'!J3=0,"",'Week 4'!J3)
B4: =IF('Week 4'!B4=0,"",'Week 4'!B4) -> Glutes_Hamstrings | C4: =IF('Week 4'!C4=0,"",'Week 4'!C4) -> Cable One-Legged Kickback | D4: =IF('Week 4'!D4=0,"",'Week 4'!D4) -> 3 | E4: =IF('Week 4'!E4=0,"",'Week 4'!E4) -> 8 - 12 | F4: =IF('Week 4'!F4=0,"",'Week 4'!F4) -> 30 | G4: ='Week 4'!G4 -> 0 | H4: ='Week 4'!H4 -> 0 | I4: =IF(H4*G4=0,"",H4*G4) | J4: =IF('Week 4'!J4=0,"",'Week 4'!J4)
B5: =IF('Week 4'!B5=0,"",'Week 4'!B5) -> Quadriceps | C5: =IF('Week 4'!C5=0,"",'Week 4'!C5) -> Barbell Squat | D5: =IF('Week 4'!D5=0,"",'Week 4'!D5) -> 3 | E5: =IF('Week 4'!E5=0,"",'Week 4'!E5) -> 8 - 12 | F5: =IF('Week 4'!F5=0,"",'Week 4'!F5) -> 30 | G5: ='Week 4'!G5 -> 0 | H5: ='Week 4'!H5 -> 0 | I5: =IF(H5*G5=0,"",H5*G5) | J5: =IF('Week 4'!J5=0,"",'Week 4'!J5)
B6: =IF('Week 4'!B6=0,"",'Week 4'!B6) -> Quadriceps | C6: =IF('Week 4'!C6=0,"",'Week 4'!C6) -> Machine Laying Leg Press | D6: =IF('Week 4'!D6=0,"",'Week 4'!D6) -> 3 | E6: =IF('Week 4'!E6=0,"",'Week 4'!E6) -> 8 - 12 | F6: =IF('Week 4'!F6=0,"",'Week 4'!F6) -> 30 | G6: ='Week 4'!G6 -> 0 | H6: ='Week 4'!H6 -> 0 | I6: =IF(H6*G6=0,"",H6*G6) | J6: =IF('Week 4'!J6=0,"",'Week 4'!J6)
B7: =IF('Week 4'!B7=0,"",'Week 4'!B7) -> Quadriceps | C7: =IF('Week 4'!C7=0,"",'Week 4'!C7) -> Body Weight Bulgarian Split-Squat | D7: =IF('Week 4'!D7=0,"",'Week 4'!D7) -> 3 | E7: =IF('Week 4'!E7=0,"",'Week 4'!E7) -> 8 - 12 | F7: =IF('Week 4'!F7=0,"",'Week 4'!F7) -> 30 | G7: ='Week 4'!G7 -> 0 | H7: ='Week 4'!H7 -> 0 | I7: =IF(H7*G7=0,"",H7*G7) | J7: =IF('Week 4'!J7=0,"",'Week 4'!J7)
B8: =IF('Week 4'!B8=0,"",'Week 4'!B8) -> Calves | C8: =IF('Week 4'!C8=0,"",'Week 4'!C8) -> Dumbbell Calf Raise | D8: =IF('Week 4'!D8=0,"",'Week 4'!D8) -> 3 | E8: =IF('Week 4'!E8=0,"",'Week 4'!E8) -> 15 - 20 | F8: =IF('Week 4'!F8=0,"",'Week 4'!F8) -> 30 | G8: ='Week 4'!G8 -> 0 | H8: ='Week 4'!H8 -> 0 | I8: =IF(H8*G8=0,"",H8*G8) | J8: =IF('Week 4'!J8=0,"",'Week 4'!J8)
B9: =IF('Week 4'!B9=0,"",'Week 4'!B9) -> Quadriceps | C9: =IF('Week 4'!C9=0,"",'Week 4'!C9) -> Machine Calf Raise | D9: =IF('Week 4'!D9=0,"",'Week 4'!D9) -> 3 | E9: =IF('Week 4'!E9=0,"",'Week 4'!E9) -> 15 - 20 | F9: =IF('Week 4'!F9=0,"",'Week 4'!F9) -> 30 | G9: ='Week 4'!G9 -> 0 | H9: ='Week 4'!H9 -> 0 | I9: =IF(H9*G9=0,"",H9*G9) | J9: =IF('Week 4'!J9=0,"",'Week 4'!J9)
A12: Day 2 | B12: Muscle Group | C12: Exercise | D12: Sets | E12: Reps | F12: Rest (Seconds) | G12: Weight | H12: Total Reps | I12: Volume | J12: Note
B13: =IF('Week 4'!B13=0,"",'Week 4'!B13) -> Back | C13: =IF('Week 4'!C13=0,"",'Week 4'!C13) -> Cable Narrow-Grip Lat Pull-Down | D13: =IF('Week 4'!D13=0,"",'Week 4'!D13) -> 3 | E13: =IF('Week 4'!E13=0,"",'Week 4'!E13) -> 8 - 12 | F13: =IF('Week 4'!F13=0,"",'Week 4'!F13) -> 30 | G13: ='Week 4'!G13 -> 0 | H13: ='Week 4'!H13 -> 0 | I13: =IF(H13*G13=0,"",H13*G13) | J13: =IF('Week 4'!J13=0,"",'Week 4'!J13)
B14: =IF('Week 4'!B14=0,"",'Week 4'!B14) -> Back | C14: =IF('Week 4'!C14=0,"",'Week 4'!C14) -> Cable Wide-Grip Lat Pull-Down | D14: =IF('Week 4'!D14=0,"",'Week 4'!D14) -> 3 | E14: =IF('Week 4'!E14=0,"",'Week 4'!E14) -> 8 - 12 | F14: =IF('Week 4'!F14=0,"",'Week 4'!F14) -> 30 | G14: ='Week 4'!G14 -> 0 | H14: ='Week 4'!H14 -> 0 | I14: =IF(H14*G14=0,"",H14*G14) | J14: =IF('Week 4'!J14=0,"",'Week 4'!J14) -> #REF!
B15: =IF('Week 4'!B15=0,"",'Week 4'!B15) -> Back | C15: =IF('Week 4'!C15=0,"",'Week 4'!C15) -> Machine Back Extension | D15: =IF('Week 4'!D15=0,"",'Week 4'!D15) -> 3 | E15: =IF('Week 4'!E15=0,"",'Week 4'!E15) -> 8 - 12 | F15: =IF('Week 4'!F15=0,"",'Week 4'!F15) -> 30 | G15: ='Week 4'!G15 -> 0 | H15: ='Week 4'!H15 -> 0 | I15: =IF(H15*G15=0,"",H15*G15) | J15: =IF('Week 4'!J15=0,"",'Week 4'!J15)
B16: =IF('Week 4'!B16=0,"",'Week 4'!B16) -> Triceps | C16: =IF('Week 4'!C16=0,"",'Week 4'!C16) -> Body Weight Bench Dip | D16: =IF('Week 4'!D16=0,"",'Week 4'!D16) -> 3 | E16: =IF('Week 4'!E16=0,"",'Week 4'!E16) -> 8 - 12 | F16: =IF('Week 4'!F16=0,"",'Week 4'!F16) -> 30 | G16: ='Week 4'!G16 -> 0 | H16: ='Week 4'!H16 -> 0 | I16: =IF(H16*G16=0,"",H16*G16) | J16: =IF('Week 4'!J16=0,"",'Week 4'!J16)
B17: =IF('Week 4'!B17=0,"",'Week 4'!B17) -> Triceps | C17: =IF('Week 4'!C17=0,"",'Week 4'!C17) -> Cable Overhead Triceps Extension | D17: =IF('Week 4'!D17=0,"",'Week 4'!D17) -> 3 | E17: =IF('Week 4'!E17=0,"",'Week 4'!E17) -> 8 - 12 | F17: =IF('Week 4'!F17=0,"",'Week 4'!F17) -> 30 | G17: ='Week 4'!G17 -> 0 | H17: ='Week 4'!H17 -> 0 | I17: =IF(H17*G17=0,"",H17*G17) | J17: =IF('Week 4'!J17=0,"",'Week 4'!J17)
B18: =IF('Week 4'!B18=0,"",'Week 4'!B18) -> Triceps | C18: =IF('Week 4'!C18=0,"",'Week 4'!C18) -> Machine Triceps Extension | D18: =IF('Week 4'!D18=0,"",'Week 4'!D18) -> 3 | E18: =IF('Week 4'!E18=0,"",'Week 4'!E18) -> 8 - 12 | F18: =IF('Week 4'!F18=0,"",'Week 4'!F18) -> 30 | G18: ='Week 4'!G18 -> 0 | H18: ='Week 4'!H18 -> 0 | I18: =IF(H18*G18=0,"",H18*G18) | J18: =IF('Week 4'!J18=0,"",'Week 4'!J18)
B19: =IF('Week 4'!B19=0,"",'Week 4'!B19) -> Abs | C19: =IF('Week 4'!C19=0,"",'Week 4'!C19) -> Body Weight Hanging Leg Raise | D19: =IF('Week 4'!D19=0,"",'Week 4'!D19) -> 3 | E19: =IF('Week 4'!E19=0,"",'Week 4'!E19) -> 15 - 20 | F19: =IF('Week 4'!F19=0,"",'Week 4'!F19) -> 30 | G19: ='Week 4'!G19 -> 0 | H19: ='Week 4'!H19 -> 0 | I19: =IF(H19*G19=0,"",H19*G19) | J19: =IF('Week 4'!J19=0,"",'Week 4'!J19)
B20: =IF('Week 4'!B20=0,"",'Week 4'!B20) -> Abs | C20: =IF('Week 4'!C20=0,"",'Week 4'!C20) -> Body Weight Ab Crunch | D20: =IF('Week 4'!D20=0,"",'Week 4'!D20) -> 3 | E20: =IF('Week 4'!E20=0,"",'Week 4'!E20) -> 15 - 20 | F20: =IF('Week 4'!F20=0,"",'Week 4'!F20) -> 30 | G20: ='Week 4'!G20 -> 0 | H20: ='Week 4'!H20 -> 0 | I20: =IF(H20*G20=0,"",H20*G20) | J20: =IF('Week 4'!J20=0,"",'Week 4'!J20)
A23: Day 3 | B23: Muscle Group | C23: Exercise | D23: Sets | E23: Reps | F23: Rest (Seconds) | G23: Weight | H23: Total Reps | I23: Volume | J23: Note
B24: =IF('Week 4'!B24=0,"",'Week 4'!B24) -> Biceps | C24: =IF('Week 4'!C24=0,"",'Week 4'!C24) -> Dumbbell Hammer Biceps Curl | D24: =IF('Week 4'!D24=0,"",'Week 4'!D24) -> 3 | E24: =IF('Week 4'!E24=0,"",'Week 4'!E24) -> 8 - 12 | F24: =IF('Week 4'!F24=0,"",'Week 4'!F24) -> 30 | G24: ='Week 4'!G24 -> 0 | H24: ='Week 4'!H24 -> 0 | I24: =IF(H24*G24=0,"",H24*G24) | J24: =IF('Week 4'!J24=0,"",'Week 4'!J24)
B25: =IF('Week 4'!B25=0,"",'Week 4'!B25) -> Biceps | C25: =IF('Week 4'!C25=0,"",'Week 4'!C25) -> Dumbbell Incline Bench Biceps Curl | D25: =IF('Week 4'!D25=0,"",'Week 4'!D25) -> 3 | E25: =IF('Week 4'!E25=0,"",'Week 4'!E25) -> 8 - 12 | F25: =IF('Week 4'!F25=0,"",'Week 4'!F25) -> 30 | G25: ='Week 4'!G25 -> 0 | H25: ='Week 4'!H25 -> 0 | I25: =IF(H25*G25=0,"",H25*G25) | J25: =IF('Week 4'!J25=0,"",'Week 4'!J25)
B26: =IF('Week 4'!B26=0,"",'Week 4'!B26) -> Biceps | C26: =IF('Week 4'!C26=0,"",'Week 4'!C26) -> Barbell Preacher Biceps Curl | D26: =IF('Week 4'!D26=0,"",'Week 4'!D26) -> 3 | E26: =IF('Week 4'!E26=0,"",'Week 4'!E26) -> 8 - 12 | F26: =IF('Week 4'!F26=0,"",'Week 4'!F26) -> 30 | G26: ='Week 4'!G26 -> 0 | H26: ='Week 4'!H26 -> 0 | I26: =IF(H26*G26=0,"",H26*G26) | J26: =IF('Week 4'!J26=0,"",'Week 4'!J26)
B27: =IF('Week 4'!B27=0,"",'Week 4'!B27) -> Shoulders | C27: =IF('Week 4'!C27=0,"",'Week 4'!C27) -> Dumbbell Side Lateral Raise | D27: =IF('Week 4'!D27=0,"",'Week 4'!D27) -> 3 | E27: =IF('Week 4'!E27=0,"",'Week 4'!E27) -> 8 - 12 | F27: =IF('Week 4'!F27=0,"",'Week 4'!F27) -> 30 | G27: ='Week 4'!G27 -> 0 | H27: ='Week 4'!H27 -> 0 | I27: =IF(H27*G27=0,"",H27*G27) | J27: =IF('Week 4'!J27=0,"",'Week 4'!J27)
B28: =IF('Week 4'!B28=0,"",'Week 4'!B28) -> Shoulders | C28: =IF('Week 4'!C28=0,"",'Week 4'!C28) -> Dumbbell Seated Shoulder Press | D28: =IF('Week 4'!D28=0,"",'Week 4'!D28) -> 3 | E28: =IF('Week 4'!E28=0,"",'Week 4'!E28) -> 8 - 12 | F28: =IF('Week 4'!F28=0,"",'Week 4'!F28) -> 30 | G28: ='Week 4'!G28 -> 0 | H28: ='Week 4'!H28 -> 0 | I28: =IF(H28*G28=0,"",H28*G28) | J28: =IF('Week 4'!J28=0,"",'Week 4'!J28)
B29: =IF('Week 4'!B29=0,"",'Week 4'!B29) -> Shoulders | C29: =IF('Week 4'!C29=0,"",'Week 4'!C29) -> Dumbbell Front Raise | D29: =IF('Week 4'!D29=0,"",'Week 4'!D29) -> 3 | E29: =IF('Week 4'!E29=0,"",'Week 4'!E29) -> 8 - 12 | F29: =IF('Week 4'!F29=0,"",'Week 4'!F29) -> 30 | G29: ='Week 4'!G29 -> 0 | H29: ='Week 4'!H29 -> 0 | I29: =IF(H29*G29=0,"",H29*G29) | J29: =IF('Week 4'!J29=0,"",'Week 4'!J29)
B30: =IF('Week 4'!B30=0,"",'Week 4'!B30) -> Chest | C30: =IF('Week 4'!C30=0,"",'Week 4'!C30) -> Machine Chest Press | D30: =IF('Week 4'!D30=0,"",'Week 4'!D30) -> 3 | E30: =IF('Week 4'!E30=0,"",'Week 4'!E30) -> 8 - 12 | F30: =IF('Week 4'!F30=0,"",'Week 4'!F30) -> 30 | G30: ='Week 4'!G30 -> 0 | H30: ='Week 4'!H30 -> 0 | I30: =IF(H30*G30=0,"",H30*G30) | J30: =IF('Week 4'!J30=0,"",'Week 4'!J30)
B31: =IF('Week 4'!B31=0,"",'Week 4'!B31) -> Chest | C31: =IF('Week 4'!C31=0,"",'Week 4'!C31) -> Weighted Dip (Chest Variation) | D31: =IF('Week 4'!D31=0,"",'Week 4'!D31) -> 3 | E31: =IF('Week 4'!E31=0,"",'Week 4'!E31) -> 8 - 12 | F31: =IF('Week 4'!F31=0,"",'Week 4'!F31) -> 30 | G31: ='Week 4'!G31 -> 0 | H31: ='Week 4'!H31 -> 0 | I31: =IF(H31*G31=0,"",H31*G31) | J31: =IF('Week 4'!J31=0,"",'Week 4'!J31)
A34: Day 4 | B34: Muscle Group | C34: Exercise | D34: Sets | E34: Reps | F34: Rest (Seconds) | G34: Weight | H34: Total Reps | I34: Volume | J34: Note
B35: =IF('Week 4'!B35=0,"",'Week 4'!B35) -> Glutes_Hamstrings | C35: =IF('Week 4'!C35=0,"",'Week 4'!C35) -> Banded Leg Extension | D35: =IF('Week 4'!D35=0,"",'Week 4'!D35) -> 3 | E35: =IF('Week 4'!E35=0,"",'Week 4'!E35) -> 20 - 25 | F35: =IF('Week 4'!F35=0,"",'Week 4'!F35) -> 30 | G35: ='Week 4'!G35 -> 0 | H35: ='Week 4'!H35 -> 0 | I35: =IF(H35*G35=0,"",H35*G35) | J35: =IF('Week 4'!J35=0,"",'Week 4'!J35)
B36: =IF('Week 4'!B36=0,"",'Week 4'!B36) -> Quadriceps | C36: =IF('Week 4'!C36=0,"",'Week 4'!C36) -> Dumbbell Goblet Squat | D36: =IF('Week 4'!D36=0,"",'Week 4'!D36) -> 3 | E36: =IF('Week 4'!E36=0,"",'Week 4'!E36) -> 8 - 10 | F36: =IF('Week 4'!F36=0,"",'Week 4'!F36) -> 30 | G36: ='Week 4'!G36 -> 0 | H36: ='Week 4'!H36 -> 0 | I36: =IF(H36*G36=0,"",H36*G36) | J36: =IF('Week 4'!J36=0,"",'Week 4'!J36)
B37: =IF('Week 4'!B37=0,"",'Week 4'!B37) -> Quadriceps | C37: =IF('Week 4'!C37=0,"",'Week 4'!C37) -> Hip Ab/Adduction (Pulse) | D37: =IF('Week 4'!D37=0,"",'Week 4'!D37) -> 3 | E37: =IF('Week 4'!E37=0,"",'Week 4'!E37) -> 6 - 8 | F37: =IF('Week 4'!F37=0,"",'Week 4'!F37) -> 30 | G37: ='Week 4'!G37 -> 0 | H37: ='Week 4'!H37 -> 0 | I37: =IF(H37*G37=0,"",H37*G37) | J37: =IF('Week 4'!J37=0,"",'Week 4'!J37)
B38: =IF('Week 4'!B38=0,"",'Week 4'!B38) -> Other | C38: =IF('Week 4'!C38=0,"",'Week 4'!C38) -> ITB release via Foam roller | D38: =IF('Week 4'!D38=0,"",'Week 4'!D38) -> 3 | E38: =IF('Week 4'!E38=0,"",'Week 4'!E38) -> 8 - 12 | F38: =IF('Week 4'!F38=0,"",'Week 4'!F38) -> 30 | G38: ='Week 4'!G38 -> 0 | H38: ='Week 4'!H38 -> 0 | I38: =IF(H38*G38=0,"",H38*G38) | J38: =IF('Week 4'!J38=0,"",'Week 4'!J38)
B39: =IF('Week 4'!B39=0,"",'Week 4'!B39) -> Other | C39: =IF('Week 4'!C39=0,"",'Week 4'!C39) -> TFL release via Trigger ball | D39: =IF('Week 4'!D39=0,"",'Week 4'!D39) -> 3 | E39: =IF('Week 4'!E39=0,"",'Week 4'!E39) -> 8 - 12 | F39: =IF('Week 4'!F39=0,"",'Week 4'!F39) -> 30 | G39: ='Week 4'!G39 -> 0 | H39: ='Week 4'!H39 -> 0 | I39: =IF(H39*G39=0,"",H39*G39) | J39: =IF('Week 4'!J39=0,"",'Week 4'!J39)
B40: =IF('Week 4'!B40=0,"",'Week 4'!B40) -> Calves | C40: =IF('Week 4'!C40=0,"",'Week 4'!C40) -> Single Leg Seated Calf Raise | D40: =IF('Week 4'!D40=0,"",'Week 4'!D40) -> 3 | E40: =IF('Week 4'!E40=0,"",'Week 4'!E40) -> 12 - 15 | F40: =IF('Week 4'!F40=0,"",'Week 4'!F40) -> 30 | G40: ='Week 4'!G40 -> 0 | H40: ='Week 4'!H40 -> 0 | I40: =IF(H40*G40=0,"",H40*G40) | J40: =IF('Week 4'!J40=0,"",'Week 4'!J40)
B41: =IF('Week 4'!B41=0,"",'Week 4'!B41) -> Calves | C41: =IF('Week 4'!C41=0,"",'Week 4'!C41) -> Machine Calf Raise | D41: =IF('Week 4'!D41=0,"",'Week 4'!D41) -> 3 | E41: =IF('Week 4'!E41=0,"",'Week 4'!E41) -> 12 - 15 | F41: =IF('Week 4'!F41=0,"",'Week 4'!F41) -> 30 | G41: ='Week 4'!G41 -> 0 | H41: ='Week 4'!H41 -> 0 | I41: =IF(H41*G41=0,"",H41*G41) | J41: =IF('Week 4'!J41=0,"",'Week 4'!J41)
B42: =IF('Week 4'!B42=0,"",'Week 4'!B42) -> Glutes_Hamstrings | C42: =IF('Week 4'!C42=0,"",'Week 4'!C42) -> Double Leg Hamstring Bridge | D42: =IF('Week 4'!D42=0,"",'Week 4'!D42) -> 3 | E42: =IF('Week 4'!E42=0,"",'Week 4'!E42) -> 15 - 20 | F42: =IF('Week 4'!F42=0,"",'Week 4'!F42) -> 30 | G42: ='Week 4'!G42 -> 0 | H42: ='Week 4'!H42 -> 0 | I42: =IF(H42*G42=0,"",H42*G42) | J42: =IF('Week 4'!J42=0,"",'Week 4'!J42)

Sheet Week 6
A1: Day 1 | B1: Muscle Group | C1: Exercise | D1: Sets | E1: Reps | F1: Rest (Seconds) | G1: Weight | H1: Total Reps | I1: Volume | J1: Note
B2: =IF('Week 5'!B2=0,"",'Week 5'!B2) -> Glutes_Hamstrings | C2: =IF('Week 5'!C2=0,"",'Week 5'!C2) -> Barbell Glute Bridge | D2: =IF('Week 5'!D2=0,"",'Week 5'!D2) -> 3 | E2: =IF('Week 5'!E2=0,"",'Week 5'!E2) -> 8 - 12 | F2: =IF('Week 5'!F2=0,"",'Week 5'!F2) -> 30 | G2: ='Week 5'!G2 -> 0 | H2: ='Week 5'!H2 -> 0 | I2: =IF(H2*G2=0,"",H2*G2) | J2: =IF('Week 5'!J2=0,"",'Week 5'!J2)
B3: =IF('Week 5'!B3=0,"",'Week 5'!B3) -> Glutes_Hamstrings | C3: =IF('Week 5'!C3=0,"",'Week 5'!C3) -> Barbell Hip Thrust | D3: =IF('Week 5'!D3=0,"",'Week 5'!D3) -> 3 | E3: =IF('Week 5'!E3=0,"",'Week 5'!E3) -> 8 - 12 | F3: =IF('Week 5'!F3=0,"",'Week 5'!F3) -> 30 | G3: ='Week 5'!G3 -> 0 | H3: ='Week 5'!H3 -> 0 | I3: =IF(H3*G3=0,"",H3*G3) | J3: =IF('Week 5'!J3=0,"",'Week 5'!J3)
B4: =IF('Week 5'!B4=0,"",'Week 5'!B4) -> Glutes_Hamstrings | C4: =IF('Week 5'!C4=0,"",'Week 5'!C4) -> Cable One-Legged Kickback | D4: =IF('Week 5'!D4=0,"",'Week 5'!D4) -> 3 | E4: =IF('Week 5'!E4=0,"",'Week 5'!E4) -> 8 - 12 | F4: =IF('Week 5'!F4=0,"",'Week 5'!F4) -> 30 | G4: ='Week 5'!G4 -> 0 | H4: ='Week 5'!H4 -> 0 | I4: =IF(H4*G4=0,"",H4*G4) | J4: =IF('Week 5'!J4=0,"",'Week 5'!J4)
B5: =IF('Week 5'!B5=0,"",'Week 5'!B5) -> Quadriceps | C5: =IF('Week 5'!C5=0,"",'Week 5'!C5) -> Barbell Squat | D5: =IF('Week 5'!D5=0,"",'Week 5'!D5) -> 3 | E5: =IF('Week 5'!E5=0,"",'Week 5'!E5) -> 8 - 12 | F5: =IF('Week 5'!F5=0,"",'Week 5'!F5) -> 30 | G5: ='Week 5'!G5 -> 0 | H5: ='Week 5'!H5 -> 0 | I5: =IF(H5*G5=0,"",H5*G5) | J5: =IF('Week 5'!J5=0,"",'Week 5'!J5)
B6: =IF('Week 5'!B6=0,"",'Week 5'!B6) -> Quadriceps | C6: =IF('Week 5'!C6=0,"",'Week 5'!C6) -> Machine Laying Leg Press | D6: =IF('Week 5'!D6=0,"",'Week 5'!D6) -> 3 | E6: =IF('Week 5'!E6=0,"",'Week 5'!E6) -> 8 - 12 | F6: =IF('Week 5'!F6=0,"",'Week 5'!F6) -> 30 | G6: ='Week 5'!G6 -> 0 | H6: ='Week 5'!H6 -> 0 | I6: =IF(H6*G6=0,"",H6*G6) | J6: =IF('Week 5'!J6=0,"",'Week 5'!J6)
B7: =IF('Week 5'!B7=0,"",'Week 5'!B7) -> Quadriceps | C7: =IF('Week 5'!C7=0,"",'Week 5'!C7) -> Body Weight Bulgarian Split-Squat | D7: =IF('Week 5'!D7=0,"",'Week 5'!D7) -> 3 | E7: =IF('Week 5'!E7=0,"",'Week 5'!E7) -> 8 - 12 | F7: =IF('Week 5'!F7=0,"",'Week 5'!F7) -> 30 | G7: ='Week 5'!G7 -> 0 | H7: ='Week 5'!H7 -> 0 | I7: =IF(H7*G7=0,"",H7*G7) | J7: =IF('Week 5'!J7=0,"",'Week 5'!J7)
B8: =IF('Week 5'!B8=0,"",'Week 5'!B8) -> Calves | C8: =IF('Week 5'!C8=0,"",'Week 5'!C8) -> Dumbbell Calf Raise | D8: =IF('Week 5'!D8=0,"",'Week 5'!D8) -> 3 | E8: =IF('Week 5'!E8=0,"",'Week 5'!E8) -> 15 - 20 | F8: =IF('Week 5'!F8=0,"",'Week 5'!F8) -> 30 | G8: ='Week 5'!G8 -> 0 | H8: ='Week 5'!H8 -> 0 | I8: =IF(H8*G8=0,"",H8*G8) | J8: =IF('Week 5'!J8=0,"",'Week 5'!J8)
B9: =IF('Week 5'!B9=0,"",'Week 5'!B9) -> Quadriceps | C9: =IF('Week 5'!C9=0,"",'Week 5'!C9) -> Machine Calf Raise | D9: =IF('Week 5'!D9=0,"",'Week 5'!D9) -> 3 | E9: =IF('Week 5'!E9=0,"",'Week 5'!E9) -> 15 - 20 | F9: =IF('Week 5'!F9=0,"",'Week 5'!F9) -> 30 | G9: ='Week 5'!G9 -> 0 | H9: ='Week 5'!H9 -> 0 | I9: =IF(H9*G9=0,"",H9*G9) | J9: =IF('Week 5'!J9=0,"",'Week 5'!J9)
A12: Day 2 | B12: Muscle Group | C12: Exercise | D12: Sets | E12: Reps | F12: Rest (Seconds) | G12: Weight | H12: Total Reps | I12: Volume | J12: Note
B13: =IF('Week 5'!B13=0,"",'Week 5'!B13) -> Back | C13: =IF('Week 5'!C13=0,"",'Week 5'!C13) -> Cable Narrow-Grip Lat Pull-Down | D13: =IF('Week 5'!D13=0,"",'Week 5'!D13) -> 3 | E13: =IF('Week 5'!E13=0,"",'Week 5'!E13) -> 8 - 12 | F13: =IF('Week 5'!F13=0,"",'Week 5'!F13) -> 30 | G13: ='Week 5'!G13 -> 0 | H13: ='Week 5'!H13 -> 0 | I13: =IF(H13*G13=0,"",H13*G13) | J13: =IF('Week 5'!J13=0,"",'Week 5'!J13)
B14: =IF('Week 5'!B14=0,"",'Week 5'!B14) -> Back | C14: =IF('Week 5'!C14=0,"",'Week 5'!C14) -> Cable Wide-Grip Lat Pull-Down | D14: =IF('Week 5'!D14=0,"",'Week 5'!D14) -> 3 | E14: =IF('Week 5'!E14=0,"",'Week 5'!E14) -> 8 - 12 | F14: =IF('Week 5'!F14=0,"",'Week 5'!F14) -> 30 | G14: ='Week 5'!G14 -> 0 | H14: ='Week 5'!H14 -> 0 | I14: =IF(H14*G14=0,"",H14*G14) | J14: =IF('Week 5'!J14=0,"",'Week 5'!J14) -> #REF!
B15: =IF('Week 5'!B15=0,"",'Week 5'!B15) -> Back | C15: =IF('Week 5'!C15=0,"",'Week 5'!C15) -> Machine Back Extension | D15: =IF('Week 5'!D15=0,"",'Week 5'!D15) -> 3 | E15: =IF('Week 5'!E15=0,"",'Week 5'!E15) -> 8 - 12 | F15: =IF('Week 5'!F15=0,"",'Week 5'!F15) -> 30 | G15: ='Week 5'!G15 -> 0 | H15: ='Week 5'!H15 -> 0 | I15: =IF(H15*G15=0,"",H15*G15) | J15: =IF('Week 5'!J15=0,"",'Week 5'!J15)
B16: =IF('Week 5'!B16=0,"",'Week 5'!B16) -> Triceps | C16: =IF('Week 5'!C16=0,"",'Week 5'!C16) -> Body Weight Bench Dip | D16: =IF('Week 5'!D16=0,"",'Week 5'!D16) -> 3 | E16: =IF('Week 5'!E16=0,"",'Week 5'!E16) -> 8 - 12 | F16: =IF('Week 5'!F16=0,"",'Week 5'!F16) -> 30 | G16: ='Week 5'!G16 -> 0 | H16: ='Week 5'!H16 -> 0 | I16: =IF(H16*G16=0,"",H16*G16) | J16: =IF('Week 5'!J16=0,"",'Week 5'!J16)
B17: =IF('Week 5'!B17=0,"",'Week 5'!B17) -> Triceps | C17: =IF('Week 5'!C17=0,"",'Week 5'!C17) -> Cable Overhead Triceps Extension | D17: =IF('Week 5'!D17=0,"",'Week 5'!D17) -> 3 | E17: =IF('Week 5'!E17=0,"",'Week 5'!E17) -> 8 - 12 | F17: =IF('Week 5'!F17=0,"",'Week 5'!F17) -> 30 | G17: ='Week 5'!G17 -> 0 | H17: ='Week 5'!H17 -> 0 | I17: =IF(H17*G17=0,"",H17*G17) | J17: =IF('Week 5'!J17=0,"",'Week 5'!J17)
B18: =IF('Week 5'!B18=0,"",'Week 5'!B18) -> Triceps | C18: =IF('Week 5'!C18=0,"",'Week 5'!C18) -> Machine Triceps Extension | D18: =IF('Week 5'!D18=0,"",'Week 5'!D18) -> 3 | E18: =IF('Week 5'!E18=0,"",'Week 5'!E18) -> 8 - 12 | F18: =IF('Week 5'!F18=0,"",'Week 5'!F18) -> 30 | G18: ='Week 5'!G18 -> 0 | H18: ='Week 5'!H18 -> 0 | I18: =IF(H18*G18=0,"",H18*G18) | J18: =IF('Week 5'!J18=0,"",'Week 5'!J18)
B19: =IF('Week 5'!B19=0,"",'Week 5'!B19) -> Abs | C19: =IF('Week 5'!C19=0,"",'Week 5'!C19) -> Body Weight Hanging Leg Raise | D19: =IF('Week 5'!D19=0,"",'Week 5'!D19) -> 3 | E19: =IF('Week 5'!E19=0,"",'Week 5'!E19) -> 15 - 20 | F19: =IF('Week 5'!F19=0,"",'Week 5'!F19) -> 30 | G19: ='Week 5'!G19 -> 0 | H19: ='Week 5'!H19 -> 0 | I19: =IF(H19*G19=0,"",H19*G19) | J19: =IF('Week 5'!J19=0,"",'Week 5'!J19)
B20: =IF('Week 5'!B20=0,"",'Week 5'!B20) -> Abs | C20: =IF('Week 5'!C20=0,"",'Week 5'!C20) -> Body Weight Ab Crunch | D20: =IF('Week 5'!D20=0,"",'Week 5'!D20) -> 3 | E20: =IF('Week 5'!E20=0,"",'Week 5'!E20) -> 15 - 20 | F20: =IF('Week 5'!F20=0,"",'Week 5'!F20) -> 30 | G20: ='Week 5'!G20 -> 0 | H20: ='Week 5'!H20 -> 0 | I20: =IF(H20*G20=0,"",H20*G20) | J20: =IF('Week 5'!J20=0,"",'Week 5'!J20)
A23: Day 3 | B23: Muscle Group | C23: Exercise | D23: Sets | E23: Reps | F23: Rest (Seconds) | G23: Weight | H23: Total Reps | I23: Volume | J23: Note
B24: =IF('Week 5'!B24=0,"",'Week 5'!B24) -> Biceps | C24: =IF('Week 5'!C24=0,"",'Week 5'!C24) -> Dumbbell Hammer Biceps Curl | D24: =IF('Week 5'!D24=0,"",'Week 5'!D24) -> 3 | E24: =IF('Week 5'!E24=0,"",'Week 5'!E24) -> 8 - 12 | F24: =IF('Week 5'!F24=0,"",'Week 5'!F24) -> 30 | G24: ='Week 5'!G24 -> 0 | H24: ='Week 5'!H24 -> 0 | I24: =IF(H24*G24=0,"",H24*G24) | J24: =IF('Week 5'!J24=0,"",'Week 5'!J24)
B25: =IF('Week 5'!B25=0,"",'Week 5'!B25) -> Biceps | C25: =IF('Week 5'!C25=0,"",'Week 5'!C25) -> Dumbbell Incline Bench Biceps Curl | D25: =IF('Week 5'!D25=0,"",'Week 5'!D25) -> 3 | E25: =IF('Week 5'!E25=0,"",'Week 5'!E25) -> 8 - 12 | F25: =IF('Week 5'!F25=0,"",'Week 5'!F25) -> 30 | G25: ='Week 5'!G25 -> 0 | H25: ='Week 5'!H25 -> 0 | I25: =IF(H25*G25=0,"",H25*G25) | J25: =IF('Week 5'!J25=0,"",'Week 5'!J25)
B26: =IF('Week 5'!B26=0,"",'Week 5'!B26) -> Biceps | C26: =IF('Week 5'!C26=0,"",'Week 5'!C26) -> Barbell Preacher Biceps Curl | D26: =IF('Week 5'!D26=0,"",'Week 5'!D26) -> 3 | E26: =IF('Week 5'!E26=0,"",'Week 5'!E26) -> 8 - 12 | F26: =IF('Week 5'!F26=0,"",'Week 5'!F26) -> 30 | G26: ='Week 5'!G26 -> 0 | H26: ='Week 5'!H26 -> 0 | I26: =IF(H26*G26=0,"",H26*G26) | J26: =IF('Week 5'!J26=0,"",'Week 5'!J26)
B27: =IF('Week 5'!B27=0,"",'Week 5'!B27) -> Shoulders | C27: =IF('Week 5'!C27=0,"",'Week 5'!C27) -> Dumbbell Side Lateral Raise | D27: =IF('Week 5'!D27=0,"",'Week 5'!D27) -> 3 | E27: =IF('Week 5'!E27=0,"",'Week 5'!E27) -> 8 - 12 | F27: =IF('Week 5'!F27=0,"",'Week 5'!F27) -> 30 | G27: ='Week 5'!G27 -> 0 | H27: ='Week 5'!H27 -> 0 | I27: =IF(H27*G27=0,"",H27*G27) | J27: =IF('Week 5'!J27=0,"",'Week 5'!J27)
B28: =IF('Week 5'!B28=0,"",'Week 5'!B28) -> Shoulders | C28: =IF('Week 5'!C28=0,"",'Week 5'!C28) -> Dumbbell Seated Shoulder Press | D28: =IF('Week 5'!D28=0,"",'Week 5'!D28) -> 3 | E28: =IF('Week 5'!E28=0,"",'Week 5'!E28) -> 8 - 12 | F28: =IF('Week 5'!F28=0,"",'Week 5'!F28) -> 30 | G28: ='Week 5'!G28 -> 0 | H28: ='Week 5'!H28 -> 0 | I28: =IF(H28*G28=0,"",H28*G28) | J28: =IF('Week 5'!J28=0,"",'Week 5'!J28)
B29: =IF('Week 5'!B29=0,"",'Week 5'!B29) -> Shoulders | C29: =IF('Week 5'!C29=0,"",'Week 5'!C29) -> Dumbbell Front Raise | D29: =IF('Week 5'!D29=0,"",'Week 5'!D29) -> 3 | E29: =IF('Week 5'!E29=0,"",'Week 5'!E29) -> 8 - 12 | F29: =IF('Week 5'!F29=0,"",'Week 5'!F29) -> 30 | G29: ='Week 5'!G29 -> 0 | H29: ='Week 5'!H29 -> 0 | I29: =IF(H29*G29=0,"",H29*G29) | J29: =IF('Week 5'!J29=0,"",'Week 5'!J29)
B30: =IF('Week 5'!B30=0,"",'Week 5'!B30) -> Chest | C30: =IF('Week 5'!C30=0,"",'Week 5'!C30) -> Machine Chest Press | D30: =IF('Week 5'!D30=0,"",'Week 5'!D30) -> 3 | E30: =IF('Week 5'!E30=0,"",'Week 5'!E30) -> 8 - 12 | F30: =IF('Week 5'!F30=0,"",'Week 5'!F30) -> 30 | G30: ='Week 5'!G30 -> 0 | H30: ='Week 5'!H30 -> 0 | I30: =IF(H30*G30=0,"",H30*G30) | J30: =IF('Week 5'!J30=0,"",'Week 5'!J30)
B31: =IF('Week 5'!B31=0,"",'Week 5'!B31) -> Chest | C31: =IF('Week 5'!C31=0,"",'Week 5'!C31) -> Weighted Dip (Chest Variation) | D31: =IF('Week 5'!D31=0,"",'Week 5'!D31) -> 3 | E31: =IF('Week 5'!E31=0,"",'Week 5'!E31) -> 8 - 12 | F31: =IF('Week 5'!F31=0,"",'Week 5'!F31) -> 30 | G31: ='Week 5'!G31 -> 0 | H31: ='Week 5'!H31 -> 0 | I31: =IF(H31*G31=0,"",H31*G31) | J31: =IF('Week 5'!J31=0,"",'Week 5'!J31)
A34: Day 4 | B34: Muscle Group | C34: Exercise | D34: Sets | E34: Reps | F34: Rest (Seconds) | G34: Weight | H34: Total Reps | I34: Volume | J34: Note
B35: =IF('Week 5'!B35=0,"",'Week 5'!B35) -> Glutes_Hamstrings | C35: =IF('Week 5'!C35=0,"",'Week 5'!C35) -> Banded Leg Extension | D35: =IF('Week 5'!D35=0,"",'Week 5'!D35) -> 3 | E35: =IF('Week 5'!E35=0,"",'Week 5'!E35) -> 20 - 25 | F35: =IF('Week 5'!F35=0,"",'Week 5'!F35) -> 30 | G35: ='Week 5'!G35 -> 0 | H35: ='Week 5'!H35 -> 0 | I35: =IF(H35*G35=0,"",H35*G35) | J35: =IF('Week 5'!J35=0,"",'Week 5'!J35)
B36: =IF('Week 5'!B36=0,"",'Week 5'!B36) -> Quadriceps | C36: =IF('Week 5'!C36=0,"",'Week 5'!C36) -> Dumbbell Goblet Squat | D36: =IF('Week 5'!D36=0,"",'Week 5'!D36) -> 3 | E36: =IF('Week 5'!E36=0,"",'Week 5'!E36) -> 8 - 10 | F36: =IF('Week 5'!F36=0,"",'Week 5'!F36) -> 30 | G36: ='Week 5'!G36 -> 0 | H36: ='Week 5'!H36 -> 0 | I36: =IF(H36*G36=0,"",H36*G36) | J36: =IF('Week 5'!J36=0,"",'Week 5'!J36)
B37: =IF('Week 5'!B37=0,"",'Week 5'!B37) -> Quadriceps | C37: =IF('Week 5'!C37=0,"",'Week 5'!C37) -> Hip Ab/Adduction (Pulse) | D37: =IF('Week 5'!D37=0,"",'Week 5'!D37) -> 3 | E37: =IF('Week 5'!E37=0,"",'Week 5'!E37) -> 6 - 8 | F37: =IF('Week 5'!F37=0,"",'Week 5'!F37) -> 30 | G37: ='Week 5'!G37 -> 0 | H37: ='Week 5'!H37 -> 0 | I37: =IF(H37*G37=0,"",H37*G37) | J37: =IF('Week 5'!J37=0,"",'Week 5'!J37)
B38: =IF('Week 5'!B38=0,"",'Week 5'!B38) -> Other | C38: =IF('Week 5'!C38=0,"",'Week 5'!C38) -> ITB release via Foam roller | D38: =IF('Week 5'!D38=0,"",'Week 5'!D38) -> 3 | E38: =IF('Week 5'!E38=0,"",'Week 5'!E38) -> 8 - 12 | F38: =IF('Week 5'!F38=0,"",'Week 5'!F38) -> 30 | G38: ='Week 5'!G38 -> 0 | H38: ='Week 5'!H38 -> 0 | I38: =IF(H38*G38=0,"",H38*G38) | J38: =IF('Week 5'!J38=0,"",'Week 5'!J38)
B39: =IF('Week 5'!B39=0,"",'Week 5'!B39) -> Other | C39: =IF('Week 5'!C39=0,"",'Week 5'!C39) -> TFL release via Trigger ball | D39: =IF('Week 5'!D39=0,"",'Week 5'!D39) -> 3 | E39: =IF('Week 5'!E39=0,"",'Week 5'!E39) -> 8 - 12 | F39: =IF('Week 5'!F39=0,"",'Week 5'!F39) -> 30 | G39: ='Week 5'!G39 -> 0 | H39: ='Week 5'!H39 -> 0 | I39: =IF(H39*G39=0,"",H39*G39) | J39: =IF('Week 5'!J39=0,"",'Week 5'!J39)
B40: =IF('Week 5'!B40=0,"",'Week 5'!B40) -> Calves | C40: =IF('Week 5'!C40=0,"",'Week 5'!C40) -> Single Leg Seated Calf Raise | D40: =IF('Week 5'!D40=0,"",'Week 5'!D40) -> 3 | E40: =IF('Week 5'!E40=0,"",'Week 5'!E40) -> 12 - 15 | F40: =IF('Week 5'!F40=0,"",'Week 5'!F40) -> 30 | G40: ='Week 5'!G40 -> 0 | H40: ='Week 5'!H40 -> 0 | I40: =IF(H40*G40=0,"",H40*G40) | J40: =IF('Week 5'!J40=0,"",'Week 5'!J40)
B41: =IF('Week 5'!B41=0,"",'Week 5'!B41) -> Calves | C41: =IF('Week 5'!C41=0,"",'Week 5'!C41) -> Machine Calf Raise | D41: =IF('Week 5'!D41=0,"",'Week 5'!D41) -> 3 | E41: =IF('Week 5'!E41=0,"",'Week 5'!E41) -> 12 - 15 | F41: =IF('Week 5'!F41=0,"",'Week 5'!F41) -> 30 | G41: ='Week 5'!G41 -> 0 | H41: ='Week 5'!H41 -> 0 | I41: =IF(H41*G41=0,"",H41*G41) | J41: =IF('Week 5'!J41=0,"",'Week 5'!J41)
B42: =IF('Week 5'!B42=0,"",'Week 5'!B42) -> Glutes_Hamstrings | C42: =IF('Week 5'!C42=0,"",'Week 5'!C42) -> Double Leg Hamstring Bridge | D42: =IF('Week 5'!D42=0,"",'Week 5'!D42) -> 3 | E42: =IF('Week 5'!E42=0,"",'Week 5'!E42) -> 15 - 20 | F42: =IF('Week 5'!F42=0,"",'Week 5'!F42) -> 30 | G42: ='Week 5'!G42 -> 0 | H42: ='Week 5'!H42 -> 0 | I42: =IF(H42*G42=0,"",H42*G42) | J42: =IF('Week 5'!J42=0,"",'Week 5'!J42)

Sheet Week 7
A1: Day 1 | B1: Muscle Group | C1: Exercise | D1: Sets | E1: Reps | F1: Rest (Seconds) | G1: Weight | H1: Total Reps | I1: Volume | J1: Note
B2: =IF('Week 6'!B2=0,"",'Week 6'!B2) -> Glutes_Hamstrings | C2: =IF('Week 6'!C2=0,"",'Week 6'!C2) -> Barbell Glute Bridge | D2: =IF('Week 6'!D2=0,"",'Week 6'!D2) -> 3 | E2: =IF('Week 6'!E2=0,"",'Week 6'!E2) -> 8 - 12 | F2: =IF('Week 6'!F2=0,"",'Week 6'!F2) -> 30 | G2: ='Week 6'!G2 -> 0 | H2: ='Week 6'!H2 -> 0 | I2: =IF(H2*G2=0,"",H2*G2) | J2: =IF('Week 6'!J2=0,"",'Week 6'!J2)
B3: =IF('Week 6'!B3=0,"",'Week 6'!B3) -> Glutes_Hamstrings | C3: =IF('Week 6'!C3=0,"",'Week 6'!C3) -> Barbell Hip Thrust | D3: =IF('Week 6'!D3=0,"",'Week 6'!D3) -> 3 | E3: =IF('Week 6'!E3=0,"",'Week 6'!E3) -> 8 - 12 | F3: =IF('Week 6'!F3=0,"",'Week 6'!F3) -> 30 | G3: ='Week 6'!G3 -> 0 | H3: ='Week 6'!H3 -> 0 | I3: =IF(H3*G3=0,"",H3*G3) | J3: =IF('Week 6'!J3=0,"",'Week 6'!J3)
B4: =IF('Week 6'!B4=0,"",'Week 6'!B4) -> Glutes_Hamstrings | C4: =IF('Week 6'!C4=0,"",'Week 6'!C4) -> Cable One-Legged Kickback | D4: =IF('Week 6'!D4=0,"",'Week 6'!D4) -> 3 | E4: =IF('Week 6'!E4=0,"",'Week 6'!E4) -> 8 - 12 | F4: =IF('Week 6'!F4=0,"",'Week 6'!F4) -> 30 | G4: ='Week 6'!G4 -> 0 | H4: ='Week 6'!H4 -> 0 | I4: =IF(H4*G4=0,"",H4*G4) | J4: =IF('Week 6'!J4=0,"",'Week 6'!J4)
B5: =IF('Week 6'!B5=0,"",'Week 6'!B5) -> Quadriceps | C5: =IF('Week 6'!C5=0,"",'Week 6'!C5) -> Barbell Squat | D5: =IF('Week 6'!D5=0,"",'Week 6'!D5) -> 3 | E5: =IF('Week 6'!E5=0,"",'Week 6'!E5) -> 8 - 12 | F5: =IF('Week 6'!F5=0,"",'Week 6'!F5) -> 30 | G5: ='Week 6'!G5 -> 0 | H5: ='Week 6'!H5 -> 0 | I5: =IF(H5*G5=0,"",H5*G5) | J5: =IF('Week 6'!J5=0,"",'Week 6'!J5)
B6: =IF('Week 6'!B6=0,"",'Week 6'!B6) -> Quadriceps | C6: =IF('Week 6'!C6=0,"",'Week 6'!C6) -> Machine Laying Leg Press | D6: =IF('Week 6'!D6=0,"",'Week 6'!D6) -> 3 | E6: =IF('Week 6'!E6=0,"",'Week 6'!E6) -> 8 - 12 | F6: =IF('Week 6'!F6=0,"",'Week 6'!F6) -> 30 | G6: ='Week 6'!G6 -> 0 | H6: ='Week 6'!H6 -> 0 | I6: =IF(H6*G6=0,"",H6*G6) | J6: =IF('Week 6'!J6=0,"",'Week 6'!J6)
B7: =IF('Week 6'!B7=0,"",'Week 6'!B7) -> Quadriceps | C7: =IF('Week 6'!C7=0,"",'Week 6'!C7) -> Body Weight Bulgarian Split-Squat | D7: =IF('Week 6'!D7=0,"",'Week 6'!D7) -> 3 | E7: =IF('Week 6'!E7=0,"",'Week 6'!E7) -> 8 - 12 | F7: =IF('Week 6'!F7=0,"",'Week 6'!F7) -> 30 | G7: ='Week 6'!G7 -> 0 | H7: ='Week 6'!H7 -> 0 | I7: =IF(H7*G7=0,"",H7*G7) | J7: =IF('Week 6'!J7=0,"",'Week 6'!J7)
B8: =IF('Week 6'!B8=0,"",'Week 6'!B8) -> Calves | C8: =IF('Week 6'!C8=0,"",'Week 6'!C8) -> Dumbbell Calf Raise | D8: =IF('Week 6'!D8=0,"",'Week 6'!D8) -> 3 | E8: =IF('Week 6'!E8=0,"",'Week 6'!E8) -> 15 - 20 | F8: =IF('Week 6'!F8=0,"",'Week 6'!F8) -> 30 | G8: ='Week 6'!G8 -> 0 | H8: ='Week 6'!H8 -> 0 | I8: =IF(H8*G8=0,"",H8*G8) | J8: =IF('Week 6'!J8=0,"",'Week 6'!J8)
B9: =IF('Week 6'!B9=0,"",'Week 6'!B9) -> Quadriceps | C9: =IF('Week 6'!C9=0,"",'Week 6'!C9) -> Machine Calf Raise | D9: =IF('Week 6'!D9=0,"",'Week 6'!D9) -> 3 | E9: =IF('Week 6'!E9=0,"",'Week 6'!E9) -> 15 - 20 | F9: =IF('Week 6'!F9=0,"",'Week 6'!F9) -> 30 | G9: ='Week 6'!G9 -> 0 | H9: ='Week 6'!H9 -> 0 | I9: =IF(H9*G9=0,"",H9*G9) | J9: =IF('Week 6'!J9=0,"",'Week 6'!J9)
A12: Day 2 | B12: Muscle Group | C12: Exercise | D12: Sets | E12: Reps | F12: Rest (Seconds) | G12: Weight | H12: Total Reps | I12: Volume | J12: Note
B13: =IF('Week 6'!B13=0,"",'Week 6'!B13) -> Back | C13: =IF('Week 6'!C13=0,"",'Week 6'!C13) -> Cable Narrow-Grip Lat Pull-Down | D13: =IF('Week 6'!D13=0,"",'Week 6'!D13) -> 3 | E13: =IF('Week 6'!E13=0,"",'Week 6'!E13) -> 8 - 12 | F13: =IF('Week 6'!F13=0,"",'Week 6'!F13) -> 30 | G13: ='Week 6'!G13 -> 0 | H13: ='Week 6'!H13 -> 0 | I13: =IF(H13*G13=0,"",H13*G13) | J13: =IF('Week 6'!J13=0,"",'Week 6'!J13)
B14: =IF('Week 6'!B14=0,"",'Week 6'!B14) -> Back | C14: =IF('Week 6'!C14=0,"",'Week 6'!C14) -> Cable Wide-Grip Lat Pull-Down | D14: =IF('Week 6'!D14=0,"",'Week 6'!D14) -> 3 | E14: =IF('Week 6'!E14=0,"",'Week 6'!E14) -> 8 - 12 | F14: =IF('Week 6'!F14=0,"",'Week 6'!F14) -> 30 | G14: ='Week 6'!G14 -> 0 | H14: ='Week 6'!H14 -> 0 | I14: =IF(H14*G14=0,"",H14*G14) | J14: =IF('Week 6'!J14=0,"",'Week 6'!J14) -> #REF!
B15: =IF('Week 6'!B15=0,"",'Week 6'!B15) -> Back | C15: =IF('Week 6'!C15=0,"",'Week 6'!C15) -> Machine Back Extension | D15: =IF('Week 6'!D15=0,"",'Week 6'!D15) -> 3 | E15: =IF('Week 6'!E15=0,"",'Week 6'!E15) -> 8 - 12 | F15: =IF('Week 6'!F15=0,"",'Week 6'!F15) -> 30 | G15: ='Week 6'!G15 -> 0 | H15: ='Week 6'!H15 -> 0 | I15: =IF(H15*G15=0,"",H15*G15) | J15: =IF('Week 6'!J15=0,"",'Week 6'!J15)
B16: =IF('Week 6'!B16=0,"",'Week 6'!B16) -> Triceps | C16: =IF('Week 6'!C16=0,"",'Week 6'!C16) -> Body Weight Bench Dip | D16: =IF('Week 6'!D16=0,"",'Week 6'!D16) -> 3 | E16: =IF('Week 6'!E16=0,"",'Week 6'!E16) -> 8 - 12 | F16: =IF('Week 6'!F16=0,"",'Week 6'!F16) -> 30 | G16: ='Week 6'!G16 -> 0 | H16: ='Week 6'!H16 -> 0 | I16: =IF(H16*G16=0,"",H16*G16) | J16: =IF('Week 6'!J16=0,"",'Week 6'!J16)
B17: =IF('Week 6'!B17=0,"",'Week 6'!B17) -> Triceps | C17: =IF('Week 6'!C17=0,"",'Week 6'!C17) -> Cable Overhead Triceps Extension | D17: =IF('Week 6'!D17=0,"",'Week 6'!D17) -> 3 | E17: =IF('Week 6'!E17=0,"",'Week 6'!E17) -> 8 - 12 | F17: =IF('Week 6'!F17=0,"",'Week 6'!F17) -> 30 | G17: ='Week 6'!G17 -> 0 | H17: ='Week 6'!H17 -> 0 | I17: =IF(H17*G17=0,"",H17*G17) | J17: =IF('Week 6'!J17=0,"",'Week 6'!J17)
B18: =IF('Week 6'!B18=0,"",'Week 6'!B18) -> Triceps | C18: =IF('Week 6'!C18=0,"",'Week 6'!C18) -> Machine Triceps Extension | D18: =IF('Week 6'!D18=0,"",'Week 6'!D18) -> 3 | E18: =IF('Week 6'!E18=0,"",'Week 6'!E18) -> 8 - 12 | F18: =IF('Week 6'!F18=0,"",'Week 6'!F18) -> 30 | G18: ='Week 6'!G18 -> 0 | H18: ='Week 6'!H18 -> 0 | I18: =IF(H18*G18=0,"",H18*G18) | J18: =IF('Week 6'!J18=0,"",'Week 6'!J18)
B19: =IF('Week 6'!B19=0,"",'Week 6'!B19) -> Abs | C19: =IF('Week 6'!C19=0,"",'Week 6'!C19) -> Body Weight Hanging Leg Raise | D19: =IF('Week 6'!D19=0,"",'Week 6'!D19) -> 3 | E19: =IF('Week 6'!E19=0,"",'Week 6'!E19) -> 15 - 20 | F19: =IF('Week 6'!F19=0,"",'Week 6'!F19) -> 30 | G19: ='Week 6'!G19 -> 0 | H19: ='Week 6'!H19 -> 0 | I19: =IF(H19*G19=0,"",H19*G19) | J19: =IF('Week 6'!J19=0,"",'Week 6'!J19)
B20: =IF('Week 6'!B20=0,"",'Week 6'!B20) -> Abs | C20: =IF('Week 6'!C20=0,"",'Week 6'!C20) -> Body Weight Ab Crunch | D20: =IF('Week 6'!D20=0,"",'Week 6'!D20) -> 3 | E20: =IF('Week 6'!E20=0,"",'Week 6'!E20) -> 15 - 20 | F20: =IF('Week 6'!F20=0,"",'Week 6'!F20) -> 30 | G20: ='Week 6'!G20 -> 0 | H20: ='Week 6'!H20 -> 0 | I20: =IF(H20*G20=0,"",H20*G20) | J20: =IF('Week 6'!J20=0,"",'Week 6'!J20)
A23: Day 3 | B23: Muscle Group | C23: Exercise | D23: Sets | E23: Reps | F23: Rest (Seconds) | G23: Weight | H23: Total Reps | I23: Volume | J23: Note
B24: =IF('Week 6'!B24=0,"",'Week 6'!B24) -> Biceps | C24: =IF('Week 6'!C24=0,"",'Week 6'!C24) -> Dumbbell Hammer Biceps Curl | D24: =IF('Week 6'!D24=0,"",'Week 6'!D24) -> 3 | E24: =IF('Week 6'!E24=0,"",'Week 6'!E24) -> 8 - 12 | F24: =IF('Week 6'!F24=0,"",'Week 6'!F24) -> 30 | G24: ='Week 6'!G24 -> 0 | H24: ='Week 6'!H24 -> 0 | I24: =IF(H24*G24=0,"",H24*G24) | J24: =IF('Week 6'!J24=0,"",'Week 6'!J24)
B25: =IF('Week 6'!B25=0,"",'Week 6'!B25) -> Biceps | C25: =IF('Week 6'!C25=0,"",'Week 6'!C25) -> Dumbbell Incline Bench Biceps Curl | D25: =IF('Week 6'!D25=0,"",'Week 6'!D25) -> 3 | E25: =IF('Week 6'!E25=0,"",'Week 6'!E25) -> 8 - 12 | F25: =IF('Week 6'!F25=0,"",'Week 6'!F25) -> 30 | G25: ='Week 6'!G25 -> 0 | H25: ='Week 6'!H25 -> 0 | I25: =IF(H25*G25=0,"",H25*G25) | J25: =IF('Week 6'!J25=0,"",'Week 6'!J25)
B26: =IF('Week 6'!B26=0,"",'Week 6'!B26) -> Biceps | C26: =IF('Week 6'!C26=0,"",'Week 6'!C26) -> Barbell Preacher Biceps Curl | D26: =IF('Week 6'!D26=0,"",'Week 6'!D26) -> 3 | E26: =IF('Week 6'!E26=0,"",'Week 6'!E26) -> 8 - 12 | F26: =IF('Week 6'!F26=0,"",'Week 6'!F26) -> 30 | G26: ='Week 6'!G26 -> 0 | H26: ='Week 6'!H26 -> 0 | I26: =IF(H26*G26=0,"",H26*G26) | J26: =IF('Week 6'!J26=0,"",'Week 6'!J26)
B27: =IF('Week 6'!B27=0,"",'Week 6'!B27) -> Shoulders | C27: =IF('Week 6'!C27=0,"",'Week 6'!C27) -> Dumbbell Side Lateral Raise | D27: =IF('Week 6'!D27=0,"",'Week 6'!D27) -> 3 | E27: =IF('Week 6'!E27=0,"",'Week 6'!E27) -> 8 - 12 | F27: =IF('Week 6'!F27=0,"",'Week 6'!F27) -> 30 | G27: ='Week 6'!G27 -> 0 | H27: ='Week 6'!H27 -> 0 | I27: =IF(H27*G27=0,"",H27*G27) | J27: =IF('Week 6'!J27=0,"",'Week 6'!J27)
B28: =IF('Week 6'!B28=0,"",'Week 6'!B28) -> Shoulders | C28: =IF('Week 6'!C28=0,"",'Week 6'!C28) -> Dumbbell Seated Shoulder Press | D28: =IF('Week 6'!D28=0,"",'Week 6'!D28) -> 3 | E28: =IF('Week 6'!E28=0,"",'Week 6'!E28) -> 8 - 12 | F28: =IF('Week 6'!F28=0,"",'Week 6'!F28) -> 30 | G28: ='Week 6'!G28 -> 0 | H28: ='Week 6'!H28 -> 0 | I28: =IF(H28*G28=0,"",H28*G28) | J28: =IF('Week 6'!J28=0,"",'Week 6'!J28)
B29: =IF('Week 6'!B29=0,"",'Week 6'!B29) -> Shoulders | C29: =IF('Week 6'!C29=0,"",'Week 6'!C29) -> Dumbbell Front Raise | D29: =IF('Week 6'!D29=0,"",'Week 6'!D29) -> 3 | E29: =IF('Week 6'!E29=0,"",'Week 6'!E29) -> 8 - 12 | F29: =IF('Week 6'!F29=0,"",'Week 6'!F29) -> 30 | G29: ='Week 6'!G29 -> 0 | H29: ='Week 6'!H29 -> 0 | I29: =IF(H29*G29=0,"",H29*G29) | J29: =IF('Week 6'!J29=0,"",'Week 6'!J29)
B30: =IF('Week 6'!B30=0,"",'Week 6'!B30) -> Chest | C30: =IF('Week 6'!C30=0,"",'Week 6'!C30) -> Machine Chest Press | D30: =IF('Week 6'!D30=0,"",'Week 6'!D30) -> 3 | E30: =IF('Week 6'!E30=0,"",'Week 6'!E30) -> 8 - 12 | F30: =IF('Week 6'!F30=0,"",'Week 6'!F30) -> 30 | G30: ='Week 6'!G30 -> 0 | H30: ='Week 6'!H30 -> 0 | I30: =IF(H30*G30=0,"",H30*G30) | J30: =IF('Week 6'!J30=0,"",'Week 6'!J30)
B31: =IF('Week 6'!B31=0,"",'Week 6'!B31) -> Chest | C31: =IF('Week 6'!C31=0,"",'Week 6'!C31) -> Weighted Dip (Chest Variation) | D31: =IF('Week 6'!D31=0,"",'Week 6'!D31) -> 3 | E31: =IF('Week 6'!E31=0,"",'Week 6'!E31) -> 8 - 12 | F31: =IF('Week 6'!F31=0,"",'Week 6'!F31) -> 30 | G31: ='Week 6'!G31 -> 0 | H31: ='Week 6'!H31 -> 0 | I31: =IF(H31*G31=0,"",H31*G31) | J31: =IF('Week 6'!J31=0,"",'Week 6'!J31)
A34: Day 4 | B34: Muscle Group | C34: Exercise | D34: Sets | E34: Reps | F34: Rest (Seconds) | G34: Weight | H34: Total Reps | I34: Volume | J34: Note
B35: =IF('Week 6'!B35=0,"",'Week 6'!B35) -> Glutes_Hamstrings | C35: =IF('Week 6'!C35=0,"",'Week 6'!C35) -> Banded Leg Extension | D35: =IF('Week 6'!D35=0,"",'Week 6'!D35) -> 3 | E35: =IF('Week 6'!E35=0,"",'Week 6'!E35) -> 20 - 25 | F35: =IF('Week 6'!F35=0,"",'Week 6'!F35) -> 30 | G35: ='Week 6'!G35 -> 0 | H35: ='Week 6'!H35 -> 0 | I35: =IF(H35*G35=0,"",H35*G35) | J35: =IF('Week 6'!J35=0,"",'Week 6'!J35)
B36: =IF('Week 6'!B36=0,"",'Week 6'!B36) -> Quadriceps | C36: =IF('Week 6'!C36=0,"",'Week 6'!C36) -> Dumbbell Goblet Squat | D36: =IF('Week 6'!D36=0,"",'Week 6'!D36) -> 3 | E36: =IF('Week 6'!E36=0,"",'Week 6'!E36) -> 8 - 10 | F36: =IF('Week 6'!F36=0,"",'Week 6'!F36) -> 30 | G36: ='Week 6'!G36 -> 0 | H36: ='Week 6'!H36 -> 0 | I36: =IF(H36*G36=0,"",H36*G36) | J36: =IF('Week 6'!J36=0,"",'Week 6'!J36)
B37: =IF('Week 6'!B37=0,"",'Week 6'!B37) -> Quadriceps | C37: =IF('Week 6'!C37=0,"",'Week 6'!C37) -> Hip Ab/Adduction (Pulse) | D37: =IF('Week 6'!D37=0,"",'Week 6'!D37) -> 3 | E37: =IF('Week 6'!E37=0,"",'Week 6'!E37) -> 6 - 8 | F37: =IF('Week 6'!F37=0,"",'Week 6'!F37) -> 30 | G37: ='Week 6'!G37 -> 0 | H37: ='Week 6'!H37 -> 0 | I37: =IF(H37*G37=0,"",H37*G37) | J37: =IF('Week 6'!J37=0,"",'Week 6'!J37)
B38: =IF('Week 6'!B38=0,"",'Week 6'!B38) -> Other | C38: =IF('Week 6'!C38=0,"",'Week 6'!C38) -> ITB release via Foam roller | D38: =IF('Week 6'!D38=0,"",'Week 6'!D38) -> 3 | E38: =IF('Week 6'!E38=0,"",'Week 6'!E38) -> 8 - 12 | F38: =IF('Week 6'!F38=0,"",'Week 6'!F38) -> 30 | G38: ='Week 6'!G38 -> 0 | H38: ='Week 6'!H38 -> 0 | I38: =IF(H38*G38=0,"",H38*G38) | J38: =IF('Week 6'!J38=0,"",'Week 6'!J38)
B39: =IF('Week 6'!B39=0,"",'Week 6'!B39) -> Other | C39: =IF('Week 6'!C39=0,"",'Week 6'!C39) -> TFL release via Trigger ball | D39: =IF('Week 6'!D39=0,"",'Week 6'!D39) -> 3 | E39: =IF('Week 6'!E39=0,"",'Week 6'!E39) -> 8 - 12 | F39: =IF('Week 6'!F39=0,"",'Week 6'!F39) -> 30 | G39: ='Week 6'!G39 -> 0 | H39: ='Week 6'!H39 -> 0 | I39: =IF(H39*G39=0,"",H39*G39) | J39: =IF('Week 6'!J39=0,"",'Week 6'!J39)
B40: =IF('Week 6'!B40=0,"",'Week 6'!B40) -> Calves | C40: =IF('Week 6'!C40=0,"",'Week 6'!C40) -> Single Leg Seated Calf Raise | D40: =IF('Week 6'!D40=0,"",'Week 6'!D40) -> 3 | E40: =IF('Week 6'!E40=0,"",'Week 6'!E40) -> 12 - 15 | F40: =IF('Week 6'!F40=0,"",'Week 6'!F40) -> 30 | G40: ='Week 6'!G40 -> 0 | H40: ='Week 6'!H40 -> 0 | I40: =IF(H40*G40=0,"",H40*G40) | J40: =IF('Week 6'!J40=0,"",'Week 6'!J40)
B41: =IF('Week 6'!B41=0,"",'Week 6'!B41) -> Calves | C41: =IF('Week 6'!C41=0,"",'Week 6'!C41) -> Machine Calf Raise | D41: =IF('Week 6'!D41=0,"",'Week 6'!D41) -> 3 | E41: =IF('Week 6'!E41=0,"",'Week 6'!E41) -> 12 - 15 | F41: =IF('Week 6'!F41=0,"",'Week 6'!F41) -> 30 | G41: ='Week 6'!G41 -> 0 | H41: ='Week 6'!H41 -> 0 | I41: =IF(H41*G41=0,"",H41*G41) | J41: =IF('Week 6'!J41=0,"",'Week 6'!J41)
B42: =IF('Week 6'!B42=0,"",'Week 6'!B42) -> Glutes_Hamstrings | C42: =IF('Week 6'!C42=0,"",'Week 6'!C42) -> Double Leg Hamstring Bridge | D42: =IF('Week 6'!D42=0,"",'Week 6'!D42) -> 3 | E42: =IF('Week 6'!E42=0,"",'Week 6'!E42) -> 15 - 20 | F42: =IF('Week 6'!F42=0,"",'Week 6'!F42) -> 30 | G42: ='Week 6'!G42 -> 0 | H42: ='Week 6'!H42 -> 0 | I42: =IF(H42*G42=0,"",H42*G42) | J42: =IF('Week 6'!J42=0,"",'Week 6'!J42)

Sheet Week 8
A1: Day 1 | B1: Muscle Group | C1: Exercise | D1: Sets | E1: Reps | F1: Rest (Seconds) | G1: Weight | H1: Total Reps | I1: Volume | J1: Note
B2: =IF('Week 7'!B2=0,"",'Week 7'!B2) -> Glutes_Hamstrings | C2: =IF('Week 7'!C2=0,"",'Week 7'!C2) -> Barbell Glute Bridge | D2: =IF('Week 7'!D2=0,"",'Week 7'!D2) -> 3 | E2: =IF('Week 7'!E2=0,"",'Week 7'!E2) -> 8 - 12 | F2: =IF('Week 7'!F2=0,"",'Week 7'!F2) -> 30 | G2: ='Week 7'!G2 -> 0 | H2: ='Week 7'!H2 -> 0 | I2: =IF(H2*G2=0,"",H2*G2) | J2: =IF('Week 7'!J2=0,"",'Week 7'!J2)
B3: =IF('Week 7'!B3=0,"",'Week 7'!B3) -> Glutes_Hamstrings | C3: =IF('Week 7'!C3=0,"",'Week 7'!C3) -> Barbell Hip Thrust | D3: =IF('Week 7'!D3=0,"",'Week 7'!D3) -> 3 | E3: =IF('Week 7'!E3=0,"",'Week 7'!E3) -> 8 - 12 | F3: =IF('Week 7'!F3=0,"",'Week 7'!F3) -> 30 | G3: ='Week 7'!G3 -> 0 | H3: ='Week 7'!H3 -> 0 | I3: =IF(H3*G3=0,"",H3*G3) | J3: =IF('Week 7'!J3=0,"",'Week 7'!J3)
B4: =IF('Week 7'!B4=0,"",'Week 7'!B4) -> Glutes_Hamstrings | C4: =IF('Week 7'!C4=0,"",'Week 7'!C4) -> Cable One-Legged Kickback | D4: =IF('Week 7'!D4=0,"",'Week 7'!D4) -> 3 | E4: =IF('Week 7'!E4=0,"",'Week 7'!E4) -> 8 - 12 | F4: =IF('Week 7'!F4=0,"",'Week 7'!F4) -> 30 | G4: ='Week 7'!G4 -> 0 | H4: ='Week 7'!H4 -> 0 | I4: =IF(H4*G4=0,"",H4*G4) | J4: =IF('Week 7'!J4=0,"",'Week 7'!J4)
B5: =IF('Week 7'!B5=0,"",'Week 7'!B5) -> Quadriceps | C5: =IF('Week 7'!C5=0,"",'Week 7'!C5) -> Barbell Squat | D5: =IF('Week 7'!D5=0,"",'Week 7'!D5) -> 3 | E5: =IF('Week 7'!E5=0,"",'Week 7'!E5) -> 8 - 12 | F5: =IF('Week 7'!F5=0,"",'Week 7'!F5) -> 30 | G5: ='Week 7'!G5 -> 0 | H5: ='Week 7'!H5 -> 0 | I5: =IF(H5*G5=0,"",H5*G5) | J5: =IF('Week 7'!J5=0,"",'Week 7'!J5)
B6: =IF('Week 7'!B6=0,"",'Week 7'!B6) -> Quadriceps | C6: =IF('Week 7'!C6=0,"",'Week 7'!C6) -> Machine Laying Leg Press | D6: =IF('Week 7'!D6=0,"",'Week 7'!D6) -> 3 | E6: =IF('Week 7'!E6=0,"",'Week 7'!E6) -> 8 - 12 | F6: =IF('Week 7'!F6=0,"",'Week 7'!F6) -> 30 | G6: ='Week 7'!G6 -> 0 | H6: ='Week 7'!H6 -> 0 | I6: =IF(H6*G6=0,"",H6*G6) | J6: =IF('Week 7'!J6=0,"",'Week 7'!J6)
B7: =IF('Week 7'!B7=0,"",'Week 7'!B7) -> Quadriceps | C7: =IF('Week 7'!C7=0,"",'Week 7'!C7) -> Body Weight Bulgarian Split-Squat | D7: =IF('Week 7'!D7=0,"",'Week 7'!D7) -> 3 | E7: =IF('Week 7'!E7=0,"",'Week 7'!E7) -> 8 - 12 | F7: =IF('Week 7'!F7=0,"",'Week 7'!F7) -> 30 | G7: ='Week 7'!G7 -> 0 | H7: ='Week 7'!H7 -> 0 | I7: =IF(H7*G7=0,"",H7*G7) | J7: =IF('Week 7'!J7=0,"",'Week 7'!J7)
B8: =IF('Week 7'!B8=0,"",'Week 7'!B8) -> Calves | C8: =IF('Week 7'!C8=0,"",'Week 7'!C8) -> Dumbbell Calf Raise | D8: =IF('Week 7'!D8=0,"",'Week 7'!D8) -> 3 | E8: =IF('Week 7'!E8=0,"",'Week 7'!E8) -> 15 - 20 | F8: =IF('Week 7'!F8=0,"",'Week 7'!F8) -> 30 | G8: ='Week 7'!G8 -> 0 | H8: ='Week 7'!H8 -> 0 | I8: =IF(H8*G8=0,"",H8*G8) | J8: =IF('Week 7'!J8=0,"",'Week 7'!J8)
B9: =IF('Week 7'!B9=0,"",'Week 7'!B9) -> Quadriceps | C9: =IF('Week 7'!C9=0,"",'Week 7'!C9) -> Machine Calf Raise | D9: =IF('Week 7'!D9=0,"",'Week 7'!D9) -> 3 | E9: =IF('Week 7'!E9=0,"",'Week 7'!E9) -> 15 - 20 | F9: =IF('Week 7'!F9=0,"",'Week 7'!F9) -> 30 | G9: ='Week 7'!G9 -> 0 | H9: ='Week 7'!H9 -> 0 | I9: =IF(H9*G9=0,"",H9*G9) | J9: =IF('Week 7'!J9=0,"",'Week 7'!J9)
A12: Day 2 | B12: Muscle Group | C12: Exercise | D12: Sets | E12: Reps | F12: Rest (Seconds) | G12: Weight | H12: Total Reps | I12: Volume | J12: Note
B13: =IF('Week 7'!B13=0,"",'Week 7'!B13) -> Back | C13: =IF('Week 7'!C13=0,"",'Week 7'!C13) -> Cable Narrow-Grip Lat Pull-Down | D13: =IF('Week 7'!D13=0,"",'Week 7'!D13) -> 3 | E13: =IF('Week 7'!E13=0,"",'Week 7'!E13) -> 8 - 12 | F13: =IF('Week 7'!F13=0,"",'Week 7'!F13) -> 30 | G13: ='Week 7'!G13 -> 0 | H13: ='Week 7'!H13 -> 0 | I13: =IF(H13*G13=0,"",H13*G13) | J13: =IF('Week 7'!J13=0,"",'Week 7'!J13)
B14: =IF('Week 7'!B14=0,"",'Week 7'!B14) -> Back | C14: =IF('Week 7'!C14=0,"",'Week 7'!C14) -> Cable Wide-Grip Lat Pull-Down | D14: =IF('Week 7'!D14=0,"",'Week 7'!D14) -> 3 | E14: =IF('Week 7'!E14=0,"",'Week 7'!E14) -> 8 - 12 | F14: =IF('Week 7'!F14=0,"",'Week 7'!F14) -> 30 | G14: ='Week 7'!G14 -> 0 | H14: ='Week 7'!H14 -> 0 | I14: =IF(H14*G14=0,"",H14*G14) | J14: =IF('Week 7'!J14=0,"",'Week 7'!J14) -> #REF!
B15: =IF('Week 7'!B15=0,"",'Week 7'!B15) -> Back | C15: =IF('Week 7'!C15=0,"",'Week 7'!C15) -> Machine Back Extension | D15: =IF('Week 7'!D15=0,"",'Week 7'!D15) -> 3 | E15: =IF('Week 7'!E15=0,"",'Week 7'!E15) -> 8 - 12 | F15: =IF('Week 7'!F15=0,"",'Week 7'!F15) -> 30 | G15: ='Week 7'!G15 -> 0 | H15: ='Week 7'!H15 -> 0 | I15: =IF(H15*G15=0,"",H15*G15) | J15: =IF('Week 7'!J15=0,"",'Week 7'!J15)
B16: =IF('Week 7'!B16=0,"",'Week 7'!B16) -> Triceps | C16: =IF('Week 7'!C16=0,"",'Week 7'!C16) -> Body Weight Bench Dip | D16: =IF('Week 7'!D16=0,"",'Week 7'!D16) -> 3 | E16: =IF('Week 7'!E16=0,"",'Week 7'!E16) -> 8 - 12 | F16: =IF('Week 7'!F16=0,"",'Week 7'!F16) -> 30 | G16: ='Week 7'!G16 -> 0 | H16: ='Week 7'!H16 -> 0 | I16: =IF(H16*G16=0,"",H16*G16) | J16: =IF('Week 7'!J16=0,"",'Week 7'!J16)
B17: =IF('Week 7'!B17=0,"",'Week 7'!B17) -> Triceps | C17: =IF('Week 7'!C17=0,"",'Week 7'!C17) -> Cable Overhead Triceps Extension | D17: =IF('Week 7'!D17=0,"",'Week 7'!D17) -> 3 | E17: =IF('Week 7'!E17=0,"",'Week 7'!E17) -> 8 - 12 | F17: =IF('Week 7'!F17=0,"",'Week 7'!F17) -> 30 | G17: ='Week 7'!G17 -> 0 | H17: ='Week 7'!H17 -> 0 | I17: =IF(H17*G17=0,"",H17*G17) | J17: =IF('Week 7'!J17=0,"",'Week 7'!J17)
B18: =IF('Week 7'!B18=0,"",'Week 7'!B18) -> Triceps | C18: =IF('Week 7'!C18=0,"",'Week 7'!C18) -> Machine Triceps Extension | D18: =IF('Week 7'!D18=0,"",'Week 7'!D18) -> 3 | E18: =IF('Week 7'!E18=0,"",'Week 7'!E18) -> 8 - 12 | F18: =IF('Week 7'!F18=0,"",'Week 7'!F18) -> 30 | G18: ='Week 7'!G18 -> 0 | H18: ='Week 7'!H18 -> 0 | I18: =IF(H18*G18=0,"",H18*G18) | J18: =IF('Week 7'!J18=0,"",'Week 7'!J18)
B19: =IF('Week 7'!B19=0,"",'Week 7'!B19) -> Abs | C19: =IF('Week 7'!C19=0,"",'Week 7'!C19) -> Body Weight Hanging Leg Raise | D19: =IF('Week 7'!D19=0,"",'Week 7'!D19) -> 3 | E19: =IF('Week 7'!E19=0,"",'Week 7'!E19) -> 15 - 20 | F19: =IF('Week 7'!F19=0,"",'Week 7'!F19) -> 30 | G19: ='Week 7'!G19 -> 0 | H19: ='Week 7'!H19 -> 0 | I19: =IF(H19*G19=0,"",H19*G19) | J19: =IF('Week 7'!J19=0,"",'Week 7'!J19)
B20: =IF('Week 7'!B20=0,"",'Week 7'!B20) -> Abs | C20: =IF('Week 7'!C20=0,"",'Week 7'!C20) -> Body Weight Ab Crunch | D20: =IF('Week 7'!D20=0,"",'Week 7'!D20) -> 3 | E20: =IF('Week 7'!E20=0,"",'Week 7'!E20) -> 15 - 20 | F20: =IF('Week 7'!F20=0,"",'Week 7'!F20) -> 30 | G20: ='Week 7'!G20 -> 0 | H20: ='Week 7'!H20 -> 0 | I20: =IF(H20*G20=0,"",H20*G20) | J20: =IF('Week 7'!J20=0,"",'Week 7'!J20)
A23: Day 3 | B23: Muscle Group | C23: Exercise | D23: Sets | E23: Reps | F23: Rest (Seconds) | G23: Weight | H23: Total Reps | I23: Volume | J23: Note
B24: =IF('Week 7'!B24=0,"",'Week 7'!B24) -> Biceps | C24: =IF('Week 7'!C24=0,"",'Week 7'!C24) -> Dumbbell Hammer Biceps Curl | D24: =IF('Week 7'!D24=0,"",'Week 7'!D24) -> 3 | E24: =IF('Week 7'!E24=0,"",'Week 7'!E24) -> 8 - 12 | F24: =IF('Week 7'!F24=0,"",'Week 7'!F24) -> 30 | G24: ='Week 7'!G24 -> 0 | H24: ='Week 7'!H24 -> 0 | I24: =IF(H24*G24=0,"",H24*G24) | J24: =IF('Week 7'!J24=0,"",'Week 7'!J24)
B25: =IF('Week 7'!B25=0,"",'Week 7'!B25) -> Biceps | C25: =IF('Week 7'!C25=0,"",'Week 7'!C25) -> Dumbbell Incline Bench Biceps Curl | D25: =IF('Week 7'!D25=0,"",'Week 7'!D25) -> 3 | E25: =IF('Week 7'!E25=0,"",'Week 7'!E25) -> 8 - 12 | F25: =IF('Week 7'!F25=0,"",'Week 7'!F25) -> 30 | G25: ='Week 7'!G25 -> 0 | H25: ='Week 7'!H25 -> 0 | I25: =IF(H25*G25=0,"",H25*G25) | J25: =IF('Week 7'!J25=0,"",'Week 7'!J25)
B26: =IF('Week 7'!B26=0,"",'Week 7'!B26) -> Biceps | C26: =IF('Week 7'!C26=0,"",'Week 7'!C26) -> Barbell Preacher Biceps Curl | D26: =IF('Week 7'!D26=0,"",'Week 7'!D26) -> 3 | E26: =IF('Week 7'!E26=0,"",'Week 7'!E26) -> 8 - 12 | F26: =IF('Week 7'!F26=0,"",'Week 7'!F26) -> 30 | G26: ='Week 7'!G26 -> 0 | H26: ='Week 7'!H26 -> 0 | I26: =IF(H26*G26=0,"",H26*G26) | J26: =IF('Week 7'!J26=0,"",'Week 7'!J26)
B27: =IF('Week 7'!B27=0,"",'Week 7'!B27) -> Shoulders | C27: =IF('Week 7'!C27=0,"",'Week 7'!C27) -> Dumbbell Side Lateral Raise | D27: =IF('Week 7'!D27=0,"",'Week 7'!D27) -> 3 | E27: =IF('Week 7'!E27=0,"",'Week 7'!E27) -> 8 - 12 | F27: =IF('Week 7'!F27=0,"",'Week 7'!F27) -> 30 | G27: ='Week 7'!G27 -> 0 | H27: ='Week 7'!H27 -> 0 | I27: =IF(H27*G27=0,"",H27*G27) | J27: =IF('Week 7'!J27=0,"",'Week 7'!J27)
B28: =IF('Week 7'!B28=0,"",'Week 7'!B28) -> Shoulders | C28: =IF('Week 7'!C28=0,"",'Week 7'!C28) -> Dumbbell Seated Shoulder Press | D28: =IF('Week 7'!D28=0,"",'Week 7'!D28) -> 3 | E28: =IF('Week 7'!E28=0,"",'Week 7'!E28) -> 8 - 12 | F28: =IF('Week 7'!F28=0,"",'Week 7'!F28) -> 30 | G28: ='Week 7'!G28 -> 0 | H28: ='Week 7'!H28 -> 0 | I28: =IF(H28*G28=0,"",H28*G28) | J28: =IF('Week 7'!J28=0,"",'Week 7'!J28)
B29: =IF('Week 7'!B29=0,"",'Week 7'!B29) -> Shoulders | C29: =IF('Week 7'!C29=0,"",'Week 7'!C29) -> Dumbbell Front Raise | D29: =IF('Week 7'!D29=0,"",'Week 7'!D29) -> 3 | E29: =IF('Week 7'!E29=0,"",'Week 7'!E29) -> 8 - 12 | F29: =IF('Week 7'!F29=0,"",'Week 7'!F29) -> 30 | G29: ='Week 7'!G29 -> 0 | H29: ='Week 7'!H29 -> 0 | I29: =IF(H29*G29=0,"",H29*G29) | J29: =IF('Week 7'!J29=0,"",'Week 7'!J29)
B30: =IF('Week 7'!B30=0,"",'Week 7'!B30) -> Chest | C30: =IF('Week 7'!C30=0,"",'Week 7'!C30) -> Machine Chest Press | D30: =IF('Week 7'!D30=0,"",'Week 7'!D30) -> 3 | E30: =IF('Week 7'!E30=0,"",'Week 7'!E30) -> 8 - 12 | F30: =IF('Week 7'!F30=0,"",'Week 7'!F30) -> 30 | G30: ='Week 7'!G30 -> 0 | H30: ='Week 7'!H30 -> 0 | I30: =IF(H30*G30=0,"",H30*G30) | J30: =IF('Week 7'!J30=0,"",'Week 7'!J30)
B31: =IF('Week 7'!B31=0,"",'Week 7'!B31) -> Chest | C31: =IF('Week 7'!C31=0,"",'Week 7'!C31) -> Weighted Dip (Chest Variation) | D31: =IF('Week 7'!D31=0,"",'Week 7'!D31) -> 3 | E31: =IF('Week 7'!E31=0,"",'Week 7'!E31) -> 8 - 12 | F31: =IF('Week 7'!F31=0,"",'Week 7'!F31) -> 30 | G31: ='Week 7'!G31 -> 0 | H31: ='Week 7'!H31 -> 0 | I31: =IF(H31*G31=0,"",H31*G31) | J31: =IF('Week 7'!J31=0,"",'Week 7'!J31)
A34: Day 4 | B34: Muscle Group | C34: Exercise | D34: Sets | E34: Reps | F34: Rest (Seconds) | G34: Weight | H34: Total Reps | I34: Volume | J34: Note
B35: =IF('Week 7'!B35=0,"",'Week 7'!B35) -> Glutes_Hamstrings | C35: =IF('Week 7'!C35=0,"",'Week 7'!C35) -> Banded Leg Extension | D35: =IF('Week 7'!D35=0,"",'Week 7'!D35) -> 3 | E35: =IF('Week 7'!E35=0,"",'Week 7'!E35) -> 20 - 25 | F35: =IF('Week 7'!F35=0,"",'Week 7'!F35) -> 30 | G35: ='Week 7'!G35 -> 0 | H35: ='Week 7'!H35 -> 0 | I35: =IF(H35*G35=0,"",H35*G35) | J35: =IF('Week 7'!J35=0,"",'Week 7'!J35)
B36: =IF('Week 7'!B36=0,"",'Week 7'!B36) -> Quadriceps | C36: =IF('Week 7'!C36=0,"",'Week 7'!C36) -> Dumbbell Goblet Squat | D36: =IF('Week 7'!D36=0,"",'Week 7'!D36) -> 3 | E36: =IF('Week 7'!E36=0,"",'Week 7'!E36) -> 8 - 10 | F36: =IF('Week 7'!F36=0,"",'Week 7'!F36) -> 30 | G36: ='Week 7'!G36 -> 0 | H36: ='Week 7'!H36 -> 0 | I36: =IF(H36*G36=0,"",H36*G36) | J36: =IF('Week 7'!J36=0,"",'Week 7'!J36)
B37: =IF('Week 7'!B37=0,"",'Week 7'!B37) -> Quadriceps | C37: =IF('Week 7'!C37=0,"",'Week 7'!C37) -> Hip Ab/Adduction (Pulse) | D37: =IF('Week 7'!D37=0,"",'Week 7'!D37) -> 3 | E37: =IF('Week 7'!E37=0,"",'Week 7'!E37) -> 6 - 8 | F37: =IF('Week 7'!F37=0,"",'Week 7'!F37) -> 30 | G37: ='Week 7'!G37 -> 0 | H37: ='Week 7'!H37 -> 0 | I37: =IF(H37*G37=0,"",H37*G37) | J37: =IF('Week 7'!J37=0,"",'Week 7'!J37)
B38: =IF('Week 7'!B38=0,"",'Week 7'!B38) -> Other | C38: =IF('Week 7'!C38=0,"",'Week 7'!C38) -> ITB release via Foam roller | D38: =IF('Week 7'!D38=0,"",'Week 7'!D38) -> 3 | E38: =IF('Week 7'!E38=0,"",'Week 7'!E38) -> 8 - 12 | F38: =IF('Week 7'!F38=0,"",'Week 7'!F38) -> 30 | G38: ='Week 7'!G38 -> 0 | H38: ='Week 7'!H38 -> 0 | I38: =IF(H38*G38=0,"",H38*G38) | J38: =IF('Week 7'!J38=0,"",'Week 7'!J38)
B39: =IF('Week 7'!B39=0,"",'Week 7'!B39) -> Other | C39: =IF('Week 7'!C39=0,"",'Week 7'!C39) -> TFL release via Trigger ball | D39: =IF('Week 7'!D39=0,"",'Week 7'!D39) -> 3 | E39: =IF('Week 7'!E39=0,"",'Week 7'!E39) -> 8 - 12 | F39: =IF('Week 7'!F39=0,"",'Week 7'!F39) -> 30 | G39: ='Week 7'!G39 -> 0 | H39: ='Week 7'!H39 -> 0 | I39: =IF(H39*G39=0,"",H39*G39) | J39: =IF('Week 7'!J39=0,"",'Week 7'!J39)
B40: =IF('Week 7'!B40=0,"",'Week 7'!B40) -> Calves | C40: =IF('Week 7'!C40=0,"",'Week 7'!C40) -> Single Leg Seated Calf Raise | D40: =IF('Week 7'!D40=0,"",'Week 7'!D40) -> 3 | E40: =IF('Week 7'!E40=0,"",'Week 7'!E40) -> 12 - 15 | F40: =IF('Week 7'!F40=0,"",'Week 7'!F40) -> 30 | G40: ='Week 7'!G40 -> 0 | H40: ='Week 7'!H40 -> 0 | I40: =IF(H40*G40=0,"",H40*G40) | J40: =IF('Week 7'!J40=0,"",'Week 7'!J40)
B41: =IF('Week 7'!B41=0,"",'Week 7'!B41) -> Calves | C41: =IF('Week 7'!C41=0,"",'Week 7'!C41) -> Machine Calf Raise | D41: =IF('Week 7'!D41=0,"",'Week 7'!D41) -> 3 | E41: =IF('Week 7'!E41=0,"",'Week 7'!E41) -> 12 - 15 | F41: =IF('Week 7'!F41=0,"",'Week 7'!F41) -> 30 | G41: ='Week 7'!G41 -> 0 | H41: ='Week 7'!H41 -> 0 | I41: =IF(H41*G41=0,"",H41*G41) | J41: =IF('Week 7'!J41=0,"",'Week 7'!J41)
B42: =IF('Week 7'!B42=0,"",'Week 7'!B42) -> Glutes_Hamstrings | C42: =IF('Week 7'!C42=0,"",'Week 7'!C42) -> Double Leg Hamstring Bridge | D42: =IF('Week 7'!D42=0,"",'Week 7'!D42) -> 3 | E42: =IF('Week 7'!E42=0,"",'Week 7'!E42) -> 15 - 20 | F42: =IF('Week 7'!F42=0,"",'Week 7'!F42) -> 30 | G42: ='Week 7'!G42 -> 0 | H42: ='Week 7'!H42 -> 0 | I42: =IF(H42*G42=0,"",H42*G42) | J42: =IF('Week 7'!J42=0,"",'Week 7'!J42)

Sheet Week 9
A1: Day 1 | B1: Muscle Group | C1: Exercise | D1: Sets | E1: Reps | F1: Rest (Seconds) | G1: Weight | H1: Total Reps | I1: Volume | J1: Note
B2: =IF('Week 8'!B2=0,"",'Week 8'!B2) -> Glutes_Hamstrings | C2: =IF('Week 8'!C2=0,"",'Week 8'!C2) -> Barbell Glute Bridge | D2: =IF('Week 8'!D2=0,"",'Week 8'!D2) -> 3 | E2: =IF('Week 8'!E2=0,"",'Week 8'!E2) -> 8 - 12 | F2: =IF('Week 8'!F2=0,"",'Week 8'!F2) -> 30 | G2: ='Week 8'!G2 -> 0 | H2: ='Week 8'!H2 -> 0 | I2: =IF(H2*G2=0,"",H2*G2) | J2: =IF('Week 8'!J2=0,"",'Week 8'!J2)
B3: =IF('Week 8'!B3=0,"",'Week 8'!B3) -> Glutes_Hamstrings | C3: =IF('Week 8'!C3=0,"",'Week 8'!C3) -> Barbell Hip Thrust | D3: =IF('Week 8'!D3=0,"",'Week 8'!D3) -> 3 | E3: =IF('Week 8'!E3=0,"",'Week 8'!E3) -> 8 - 12 | F3: =IF('Week 8'!F3=0,"",'Week 8'!F3) -> 30 | G3: ='Week 8'!G3 -> 0 | H3: ='Week 8'!H3 -> 0 | I3: =IF(H3*G3=0,"",H3*G3) | J3: =IF('Week 8'!J3=0,"",'Week 8'!J3)
B4: =IF('Week 8'!B4=0,"",'Week 8'!B4) -> Glutes_Hamstrings | C4: =IF('Week 8'!C4=0,"",'Week 8'!C4) -> Cable One-Legged Kickback | D4: =IF('Week 8'!D4=0,"",'Week 8'!D4) -> 3 | E4: =IF('Week 8'!E4=0,"",'Week 8'!E4) -> 8 - 12 | F4: =IF('Week 8'!F4=0,"",'Week 8'!F4) -> 30 | G4: ='Week 8'!G4 -> 0 | H4: ='Week 8'!H4 -> 0 | I4: =IF(H4*G4=0,"",H4*G4) | J4: =IF('Week 8'!J4=0,"",'Week 8'!J4)
B5: =IF('Week 8'!B5=0,"",'Week 8'!B5) -> Quadriceps | C5: =IF('Week 8'!C5=0,"",'Week 8'!C5) -> Barbell Squat | D5: =IF('Week 8'!D5=0,"",'Week 8'!D5) -> 3 | E5: =IF('Week 8'!E5=0,"",'Week 8'!E5) -> 8 - 12 | F5: =IF('Week 8'!F5=0,"",'Week 8'!F5) -> 30 | G5: ='Week 8'!G5 -> 0 | H5: ='Week 8'!H5 -> 0 | I5: =IF(H5*G5=0,"",H5*G5) | J5: =IF('Week 8'!J5=0,"",'Week 8'!J5)
B6: =IF('Week 8'!B6=0,"",'Week 8'!B6) -> Quadriceps | C6: =IF('Week 8'!C6=0,"",'Week 8'!C6) -> Machine Laying Leg Press | D6: =IF('Week 8'!D6=0,"",'Week 8'!D6) -> 3 | E6: =IF('Week 8'!E6=0,"",'Week 8'!E6) -> 8 - 12 | F6: =IF('Week 8'!F6=0,"",'Week 8'!F6) -> 30 | G6: ='Week 8'!G6 -> 0 | H6: ='Week 8'!H6 -> 0 | I6: =IF(H6*G6=0,"",H6*G6) | J6: =IF('Week 8'!J6=0,"",'Week 8'!J6)
B7: =IF('Week 8'!B7=0,"",'Week 8'!B7) -> Quadriceps | C7: =IF('Week 8'!C7=0,"",'Week 8'!C7) -> Body Weight Bulgarian Split-Squat | D7: =IF('Week 8'!D7=0,"",'Week 8'!D7) -> 3 | E7: =IF('Week 8'!E7=0,"",'Week 8'!E7) -> 8 - 12 | F7: =IF('Week 8'!F7=0,"",'Week 8'!F7) -> 30 | G7: ='Week 8'!G7 -> 0 | H7: ='Week 8'!H7 -> 0 | I7: =IF(H7*G7=0,"",H7*G7) | J7: =IF('Week 8'!J7=0,"",'Week 8'!J7)
B8: =IF('Week 8'!B8=0,"",'Week 8'!B8) -> Calves | C8: =IF('Week 8'!C8=0,"",'Week 8'!C8) -> Dumbbell Calf Raise | D8: =IF('Week 8'!D8=0,"",'Week 8'!D8) -> 3 | E8: =IF('Week 8'!E8=0,"",'Week 8'!E8) -> 15 - 20 | F8: =IF('Week 8'!F8=0,"",'Week 8'!F8) -> 30 | G8: ='Week 8'!G8 -> 0 | H8: ='Week 8'!H8 -> 0 | I8: =IF(H8*G8=0,"",H8*G8) | J8: =IF('Week 8'!J8=0,"",'Week 8'!J8)
B9: =IF('Week 8'!B9=0,"",'Week 8'!B9) -> Quadriceps | C9: =IF('Week 8'!C9=0,"",'Week 8'!C9) -> Machine Calf Raise | D9: =IF('Week 8'!D9=0,"",'Week 8'!D9) -> 3 | E9: =IF('Week 8'!E9=0,"",'Week 8'!E9) -> 15 - 20 | F9: =IF('Week 8'!F9=0,"",'Week 8'!F9) -> 30 | G9: ='Week 8'!G9 -> 0 | H9: ='Week 8'!H9 -> 0 | I9: =IF(H9*G9=0,"",H9*G9) | J9: =IF('Week 8'!J9=0,"",'Week 8'!J9)
A12: Day 2 | B12: Muscle Group | C12: Exercise | D12: Sets | E12: Reps | F12: Rest (Seconds) | G12: Weight | H12: Total Reps | I12: Volume | J12: Note
B13: =IF('Week 8'!B13=0,"",'Week 8'!B13) -> Back | C13: =IF('Week 8'!C13=0,"",'Week 8'!C13) -> Cable Narrow-Grip Lat Pull-Down | D13: =IF('Week 8'!D13=0,"",'Week 8'!D13) -> 3 | E13: =IF('Week 8'!E13=0,"",'Week 8'!E13) -> 8 - 12 | F13: =IF('Week 8'!F13=0,"",'Week 8'!F13) -> 30 | G13: ='Week 8'!G13 -> 0 | H13: ='Week 8'!H13 -> 0 | I13: =IF(H13*G13=0,"",H13*G13) | J13: =IF('Week 8'!J13=0,"",'Week 8'!J13)
B14: =IF('Week 8'!B14=0,"",'Week 8'!B14) -> Back | C14: =IF('Week 8'!C14=0,"",'Week 8'!C14) -> Cable Wide-Grip Lat Pull-Down | D14: =IF('Week 8'!D14=0,"",'Week 8'!D14) -> 3 | E14: =IF('Week 8'!E14=0,"",'Week 8'!E14) -> 8 - 12 | F14: =IF('Week 8'!F14=0,"",'Week 8'!F14) -> 30 | G14: ='Week 8'!G14 -> 0 | H14: ='Week 8'!H14 -> 0 | I14: =IF(H14*G14=0,"",H14*G14) | J14: =IF('Week 8'!J14=0,"",'Week 8'!J14) -> #REF!
B15: =IF('Week 8'!B15=0,"",'Week 8'!B15) -> Back | C15: =IF('Week 8'!C15=0,"",'Week 8'!C15) -> Machine Back Extension | D15: =IF('Week 8'!D15=0,"",'Week 8'!D15) -> 3 | E15: =IF('Week 8'!E15=0,"",'Week 8'!E15) -> 8 - 12 | F15: =IF('Week 8'!F15=0,"",'Week 8'!F15) -> 30 | G15: ='Week 8'!G15 -> 0 | H15: ='Week 8'!H15 -> 0 | I15: =IF(H15*G15=0,"",H15*G15) | J15: =IF('Week 8'!J15=0,"",'Week 8'!J15)
B16: =IF('Week 8'!B16=0,"",'Week 8'!B16) -> Triceps | C16: =IF('Week 8'!C16=0,"",'Week 8'!C16) -> Body Weight Bench Dip | D16: =IF('Week 8'!D16=0,"",'Week 8'!D16) -> 3 | E16: =IF('Week 8'!E16=0,"",'Week 8'!E16) -> 8 - 12 | F16: =IF('Week 8'!F16=0,"",'Week 8'!F16) -> 30 | G16: ='Week 8'!G16 -> 0 | H16: ='Week 8'!H16 -> 0 | I16: =IF(H16*G16=0,"",H16*G16) | J16: =IF('Week 8'!J16=0,"",'Week 8'!J16)
B17: =IF('Week 8'!B17=0,"",'Week 8'!B17) -> Triceps | C17: =IF('Week 8'!C17=0,"",'Week 8'!C17) -> Cable Overhead Triceps Extension | D17: =IF('Week 8'!D17=0,"",'Week 8'!D17) -> 3 | E17: =IF('Week 8'!E17=0,"",'Week 8'!E17) -> 8 - 12 | F17: =IF('Week 8'!F17=0,"",'Week 8'!F17) -> 30 | G17: ='Week 8'!G17 -> 0 | H17: ='Week 8'!H17 -> 0 | I17: =IF(H17*G17=0,"",H17*G17) | J17: =IF('Week 8'!J17=0,"",'Week 8'!J17)
B18: =IF('Week 8'!B18=0,"",'Week 8'!B18) -> Triceps | C18: =IF('Week 8'!C18=0,"",'Week 8'!C18) -> Machine Triceps Extension | D18: =IF('Week 8'!D18=0,"",'Week 8'!D18) -> 3 | E18: =IF('Week 8'!E18=0,"",'Week 8'!E18) -> 8 - 12 | F18: =IF('Week 8'!F18=0,"",'Week 8'!F18) -> 30 | G18: ='Week 8'!G18 -> 0 | H18: ='Week 8'!H18 -> 0 | I18: =IF(H18*G18=0,"",H18*G18) | J18: =IF('Week 8'!J18=0,"",'Week 8'!J18)
B19: =IF('Week 8'!B19=0,"",'Week 8'!B19) -> Abs | C19: =IF('Week 8'!C19=0,"",'Week 8'!C19) -> Body Weight Hanging Leg Raise | D19: =IF('Week 8'!D19=0,"",'Week 8'!D19) -> 3 | E19: =IF('Week 8'!E19=0,"",'Week 8'!E19) -> 15 - 20 | F19: =IF('Week 8'!F19=0,"",'Week 8'!F19) -> 30 | G19: ='Week 8'!G19 -> 0 | H19: ='Week 8'!H19 -> 0 | I19: =IF(H19*G19=0,"",H19*G19) | J19: =IF('Week 8'!J19=0,"",'Week 8'!J19)
B20: =IF('Week 8'!B20=0,"",'Week 8'!B20) -> Abs | C20: =IF('Week 8'!C20=0,"",'Week 8'!C20) -> Body Weight Ab Crunch | D20: =IF('Week 8'!D20=0,"",'Week 8'!D20) -> 3 | E20: =IF('Week 8'!E20=0,"",'Week 8'!E20) -> 15 - 20 | F20: =IF('Week 8'!F20=0,"",'Week 8'!F20) -> 30 | G20: ='Week 8'!G20 -> 0 | H20: ='Week 8'!H20 -> 0 | I20: =IF(H20*G20=0,"",H20*G20) | J20: =IF('Week 8'!J20=0,"",'Week 8'!J20)
A23: Day 3 | B23: Muscle Group | C23: Exercise | D23: Sets | E23: Reps | F23: Rest (Seconds) | G23: Weight | H23: Total Reps | I23: Volume | J23: Note
B24: =IF('Week 8'!B24=0,"",'Week 8'!B24) -> Biceps | C24: =IF('Week 8'!C24=0,"",'Week 8'!C24) -> Dumbbell Hammer Biceps Curl | D24: =IF('Week 8'!D24=0,"",'Week 8'!D24) -> 3 | E24: =IF('Week 8'!E24=0,"",'Week 8'!E24) -> 8 - 12 | F24: =IF('Week 8'!F24=0,"",'Week 8'!F24) -> 30 | G24: ='Week 8'!G24 -> 0 | H24: ='Week 8'!H24 -> 0 | I24: =IF(H24*G24=0,"",H24*G24) | J24: =IF('Week 8'!J24=0,"",'Week 8'!J24)
B25: =IF('Week 8'!B25=0,"",'Week 8'!B25) -> Biceps | C25: =IF('Week 8'!C25=0,"",'Week 8'!C25) -> Dumbbell Incline Bench Biceps Curl | D25: =IF('Week 8'!D25=0,"",'Week 8'!D25) -> 3 | E25: =IF('Week 8'!E25=0,"",'Week 8'!E25) -> 8 - 12 | F25: =IF('Week 8'!F25=0,"",'Week 8'!F25) -> 30 | G25: ='Week 8'!G25 -> 0 | H25: ='Week 8'!H25 -> 0 | I25: =IF(H25*G25=0,"",H25*G25) | J25: =IF('Week 8'!J25=0,"",'Week 8'!J25)
B26: =IF('Week 8'!B26=0,"",'Week 8'!B26) -> Biceps | C26: =IF('Week 8'!C26=0,"",'Week 8'!C26) -> Barbell Preacher Biceps Curl | D26: =IF('Week 8'!D26=0,"",'Week 8'!D26) -> 3 | E26: =IF('Week 8'!E26=0,"",'Week 8'!E26) -> 8 - 12 | F26: =IF('Week 8'!F26=0,"",'Week 8'!F26) -> 30 | G26: ='Week 8'!G26 -> 0 | H26: ='Week 8'!H26 -> 0 | I26: =IF(H26*G26=0,"",H26*G26) | J26: =IF('Week 8'!J26=0,"",'Week 8'!J26)
B27: =IF('Week 8'!B27=0,"",'Week 8'!B27) -> Shoulders | C27: =IF('Week 8'!C27=0,"",'Week 8'!C27) -> Dumbbell Side Lateral Raise | D27: =IF('Week 8'!D27=0,"",'Week 8'!D27) -> 3 | E27: =IF('Week 8'!E27=0,"",'Week 8'!E27) -> 8 - 12 | F27: =IF('Week 8'!F27=0,"",'Week 8'!F27) -> 30 | G27: ='Week 8'!G27 -> 0 | H27: ='Week 8'!H27 -> 0 | I27: =IF(H27*G27=0,"",H27*G27) | J27: =IF('Week 8'!J27=0,"",'Week 8'!J27)
B28: =IF('Week 8'!B28=0,"",'Week 8'!B28) -> Shoulders | C28: =IF('Week 8'!C28=0,"",'Week 8'!C28) -> Dumbbell Seated Shoulder Press | D28: =IF('Week 8'!D28=0,"",'Week 8'!D28) -> 3 | E28: =IF('Week 8'!E28=0,"",'Week 8'!E28) -> 8 - 12 | F28: =IF('Week 8'!F28=0,"",'Week 8'!F28) -> 30 | G28: ='Week 8'!G28 -> 0 | H28: ='Week 8'!H28 -> 0 | I28: =IF(H28*G28=0,"",H28*G28) | J28: =IF('Week 8'!J28=0,"",'Week 8'!J28)
B29: =IF('Week 8'!B29=0,"",'Week 8'!B29) -> Shoulders | C29: =IF('Week 8'!C29=0,"",'Week 8'!C29) -> Dumbbell Front Raise | D29: =IF('Week 8'!D29=0,"",'Week 8'!D29) -> 3 | E29: =IF('Week 8'!E29=0,"",'Week 8'!E29) -> 8 - 12 | F29: =IF('Week 8'!F29=0,"",'Week 8'!F29) -> 30 | G29: ='Week 8'!G29 -> 0 | H29: ='Week 8'!H29 -> 0 | I29: =IF(H29*G29=0,"",H29*G29) | J29: =IF('Week 8'!J29=0,"",'Week 8'!J29)
B30: =IF('Week 8'!B30=0,"",'Week 8'!B30) -> Chest | C30: =IF('Week 8'!C30=0,"",'Week 8'!C30) -> Machine Chest Press | D30: =IF('Week 8'!D30=0,"",'Week 8'!D30) -> 3 | E30: =IF('Week 8'!E30=0,"",'Week 8'!E30) -> 8 - 12 | F30: =IF('Week 8'!F30=0,"",'Week 8'!F30) -> 30 | G30: ='Week 8'!G30 -> 0 | H30: ='Week 8'!H30 -> 0 | I30: =IF(H30*G30=0,"",H30*G30) | J30: =IF('Week 8'!J30=0,"",'Week 8'!J30)
B31: =IF('Week 8'!B31=0,"",'Week 8'!B31) -> Chest | C31: =IF('Week 8'!C31=0,"",'Week 8'!C31) -> Weighted Dip (Chest Variation) | D31: =IF('Week 8'!D31=0,"",'Week 8'!D31) -> 3 | E31: =IF('Week 8'!E31=0,"",'Week 8'!E31) -> 8 - 12 | F31: =IF('Week 8'!F31=0,"",'Week 8'!F31) -> 30 | G31: ='Week 8'!G31 -> 0 | H31: ='Week 8'!H31 -> 0 | I31: =IF(H31*G31=0,"",H31*G31) | J31: =IF('Week 8'!J31=0,"",'Week 8'!J31)
A34: Day 4 | B34: Muscle Group | C34: Exercise | D34: Sets | E34: Reps | F34: Rest (Seconds) | G34: Weight | H34: Total Reps | I34: Volume | J34: Note
B35: =IF('Week 8'!B35=0,"",'Week 8'!B35) -> Glutes_Hamstrings | C35: =IF('Week 8'!C35=0,"",'Week 8'!C35) -> Banded Leg Extension | D35: =IF('Week 8'!D35=0,"",'Week 8'!D35) -> 3 | E35: =IF('Week 8'!E35=0,"",'Week 8'!E35) -> 20 - 25 | F35: =IF('Week 8'!F35=0,"",'Week 8'!F35) -> 30 | G35: ='Week 8'!G35 -> 0 | H35: ='Week 8'!H35 -> 0 | I35: =IF(H35*G35=0,"",H35*G35) | J35: =IF('Week 8'!J35=0,"",'Week 8'!J35)
